dataset,backend,impl,mode,tag,cells,genes,nnz,density,input_matrix_bytes_dense_f64,input_matrix_bytes_sparse,storage_bytes,n_signatures,n_signature_genes_union,mem_limit_gb,chunk_nnz,platform,python,timestamp,predicted_peak_bytes,status,fast_paths,share_cache,load_seconds,rss_after_load,eval_var_seconds,eval_var_peak_rss,eval_expr_seconds,eval_expr_peak_rss,eval_compactness_seconds,eval_compactness_peak_rss,compare_metrics_seconds,compare_metrics_peak_rss,eval_stan_seconds,eval_stan_peak_rss,total_seconds,peak_rss,parity_ref,parity_max_abs_diff,numerical_parity,backend_scan_read_seconds,backend_scan_compute_seconds,backend_load_genes_seconds,backend_compactness_extract_seconds,backend_compactness_rank_seconds,backend_compactness_corr_seconds,backend_metrics_extract_seconds,backend_metrics_scores_seconds,backend_metrics_pca_seconds,backend_metrics_spearman_seconds,backend_stan_extract_seconds,backend_stan_scores_seconds,backend_stan_spearman_seconds,backend_cache_prepare_seconds,malloc_large_cache
sc_1000x2000_d05,dense,reference,modules,,1000,2000,97573,0.0487865,16000000.0,788592.0,967756.0,9.0,375.0,40.0,0.0,macOS-26.6.2-arm64-arm-64bit,3.12.2,2026-09-18T19:47:22,58000000.0,OK,,,0.45901995800159057,153190400.0,0.01571479099948192,255754240.0,0.007303000002139015,275791872.0,0.010146791002625832,283099136.0,0.027948458002356347,290242560.0,0.02550350000092294,300761088.0,0.08685650000188616,300761088.0,dense,0.0,reference,,,,,,,,,,,,,,,
sc_1000x2000_d05,h5ad_csc,current,modules,,1000,2000,97573,0.0487865,16000000.0,788592.0,965804.0,9.0,375.0,40.0,0.0,macOS-26.6.2-arm64-arm-64bit,3.12.2,2026-09-18T20:02:35,,OK,,,0.9131735409973771,208371712.0,0.010911666999163572,215875584.0,0.0019009579991688952,217645056.0,0.009698958998342277,226639872.0,0.01812991599945235,237387776.0,0.02488841699960176,241221632.0,0.06573500000013155,241221632.0,dense,2.3314683517128287e-15,PASS,0.0012986249967070762,0.00167950100149028,0.003833123999356758,0.0018923770003311802,0.005299252003169386,0.0016094170059659518,0.0022791229966969695,0.007914626999991015,0.00565045899929828,0.0019234559986216482,0.0024413749961240683,0.020974873994418886,0.0014106670023465995,,
sc_1000x2000_d05,h5ad_csr,current,modules,,1000,2000,97573,0.0487865,16000000.0,788592.0,967756.0,9.0,375.0,40.0,0.0,macOS-26.6.2-arm64-arm-64bit,3.12.2,2026-09-18T20:02:34,,OK,,,0.9150879999979225,209534976.0,0.009378750000905711,214532096.0,0.0016861250005604234,214564864.0,0.008693499999935739,222117888.0,0.0165898749983171,232538112.0,0.02280337499905727,237731840.0,0.05934762500328361,237731840.0,dense,2.3314683517128287e-15,PASS,0.0009973750020435546,0.0009214170022460166,0.0018222079961560667,0.0012792079978680704,0.0050207510066684335,0.0014893330007907934,0.0015474550054932479,0.007042293000267819,0.00562166399686248,0.0020173339944449253,0.0018276259979757015,0.019513249997544335,0.0014317909990495536,,
sc_1000x2000_d05,scipy_csc,current,modules,,1000,2000,97573,0.0487865,16000000.0,788592.0,965804.0,9.0,375.0,40.0,0.0,macOS-26.6.2-arm64-arm-64bit,3.12.2,2026-09-18T20:02:33,,OK,,,0.9249049589998322,209862656.0,0.00983437500326545,213794816.0,0.0017233329999726266,215449600.0,0.008505207999405684,224264192.0,0.016854124998644693,232685568.0,0.023507750000135275,237846528.0,0.06063666599948192,237846528.0,dense,2.3314683517128287e-15,PASS,0.00030708300255355425,0.0016957090047071688,0.0003739159983524587,0.0007905000093160197,0.005169790998479584,0.0015791670011822134,0.001158622995717451,0.007635500001924811,0.005753915003879229,0.0019381670026632491,0.0012509589942055754,0.02077458400526666,0.0014544149926223326,,
sc_1000x2000_d05,scipy_csr,current,modules,,1000,2000,97573,0.0487865,16000000.0,788592.0,967756.0,9.0,375.0,40.0,0.0,macOS-26.6.2-arm64-arm-64bit,3.12.2,2026-09-18T20:02:31,,OK,,,1.257563333001599,210485248.0,0.009137124998233048,212762624.0,0.0014285420002124738,213581824.0,0.009065792000910733,222019584.0,0.017497417000413407,233865216.0,0.024045541998930275,241631232.0,0.06137391700031003,241631232.0,dense,2.3314683517128287e-15,PASS,6.270900485105813e-05,0.0009368739993078634,0.0013760000038018916,0.0011106240017397795,0.005322082990460331,0.0016772930102888495,0.0014443750005739275,0.00795466600175132,0.005720708995795576,0.002031833999353694,0.0016282499964290764,0.020914333006658126,0.001473581993195694,,
sc_1000x2000_d05,zarr_csc,current,modules,,1000,2000,97573,0.0487865,16000000.0,788592.0,518085.0,9.0,375.0,40.0,0.0,macOS-26.6.2-arm64-arm-64bit,3.12.2,2026-09-18T20:02:38,,OK,,,0.9209502919984516,206667776.0,0.015722833002655534,215269376.0,0.003813332998106489,217317376.0,0.010657165999873541,225165312.0,0.01989412499824539,234356736.0,0.02654295899992576,239091712.0,0.07678808399941772,239091712.0,dense,2.3314683517128287e-15,PASS,0.008242040996265132,0.0017152079999505077,0.007736210001894506,0.0031772500042279717,0.005017624993342906,0.001495832999353297,0.0035006659927603323,0.00843466800142778,0.005650833001709543,0.0019260830013081431,0.0037993360092514195,0.021301624001353048,0.001404706999892369,,
sc_1000x2000_d05,zarr_csr,current,modules,,1000,2000,97573,0.0487865,16000000.0,788592.0,509196.0,9.0,375.0,40.0,0.0,macOS-26.6.2-arm64-arm-64bit,3.12.2,2026-09-18T20:02:36,,OK,,,0.9219633329994394,207175680.0,0.015025166001578327,213139456.0,0.0035646249998535495,213925888.0,0.01113075000102981,221298688.0,0.02018908299942268,231391232.0,0.02919645899964962,231669760.0,0.0793229170012637,231669760.0,dense,2.3314683517128287e-15,PASS,0.008309832999657374,0.0009991670012823306,0.007548500001576031,0.003186542002367787,0.005438792002678383,0.0015075000046635978,0.003435502996580908,0.008749999004066922,0.005591832999925828,0.002036789999692701,0.0038706669947714545,0.02341050000177347,0.0018749999944702722,,
sc_10000x20000_d05,dataframe,current,pipeline,v2,10000,20000,9851641,0.049258205,1600000000.0,78893136.0,80216980.0,9.0,408.0,40.0,0.0,macOS-26.6.2-arm64-arm-64bit,3.12.2,2026-09-19T11:15:21,2200000000.0,OK,True,True,0.5481200830035959,1052049408.0,0.014836542002740316,,0.001040750001266133,,0.06437666599958902,,0.07001475000288337,,0.09598450000339653,,1.8328713329974562,2813919232.0,dense,0.0,PASS,,,,,,,,,,,,,,,True
sc_10000x20000_d05,dense,reference,modules,,10000,20000,9851641,0.049258205,1600000000.0,78893136.0,80216980.0,9.0,408.0,40.0,0.0,macOS-26.6.2-arm64-arm-64bit,3.12.2,2026-09-18T19:47:23,5800000000.0,OK,,,0.5220865000010235,1056964608.0,0.8622961660003057,4714070016.0,1.000505209001858,6315196416.0,0.5982012909989862,4875190272.0,1.2810042910023185,4895850496.0,0.24823954100065748,1737555968.0,3.991948415998195,6315196416.0,dense,0.0,reference,,,,,,,,,,,,,,,
sc_10000x20000_d05,h5ad_csc,current,modules,,10000,20000,9851641,0.049258205,1600000000.0,78893136.0,80228216.0,9.0,408.0,40.0,0.0,macOS-26.6.2-arm64-arm-64bit,3.12.2,2026-09-18T19:52:16,,OK,,,0.8852332499991462,215121920.0,0.17341012500037323,793395200.0,0.07317924999733805,800980992.0,0.08570191699982388,971784192.0,0.11581474999911734,1056505856.0,0.21915379099664278,1064632320.0,0.6688631249999162,1064632320.0,dense,4.363176486776865e-14,PASS,0.061561126000015065,0.16319575099623762,0.012511999997514067,0.007412669001496397,0.06621641799938516,0.009403040996403433,0.009549957994750002,0.07729391600514646,0.016233206992183113,0.012070499993569683,0.008379418999538757,0.20512833399698138,0.005237833000137471,,
sc_10000x20000_d05,h5ad_csr,current,modules,,10000,20000,9851641,0.049258205,1600000000.0,78893136.0,80216980.0,9.0,408.0,40.0,0.0,macOS-26.6.2-arm64-arm-64bit,3.12.2,2026-09-18T19:52:14,,OK,,,0.8861539169993193,214269952.0,0.12606829200012726,785973248.0,0.05423708299713326,795213824.0,0.10050224999940838,979910656.0,0.13172558400037815,1022246912.0,0.22499308299666154,1047707648.0,0.6395863750003628,1047707648.0,dense,4.363176486776865e-14,PASS,0.04552170899842167,0.11567462499806425,0.06693529200492776,0.024953123996965587,0.06331483299800311,0.00933553999857395,0.02781553999375319,0.07444074899467523,0.01650945999790565,0.012085540995030897,0.02601987599337008,0.1934300839966454,0.005358124999474967,,
sc_10000x20000_d05,scipy_csc,current,modules,,10000,20000,9851641,0.049258205,1600000000.0,78893136.0,80228216.0,9.0,408.0,40.0,0.0,macOS-26.6.2-arm64-arm-64bit,3.12.2,2026-09-18T19:52:13,,OK,,,0.9080612090001523,321765376.0,0.14048937500047032,658194432.0,0.057079000001976965,658309120.0,0.07854595900062122,825540608.0,0.11071808299675467,862912512.0,0.20838433300014003,879034368.0,0.5967799169993668,879034368.0,dense,4.363176486776865e-14,PASS,0.016343416999006877,0.16268912500527222,0.0014594169988413341,0.0033901250062626787,0.06317508400024963,0.00930908299778821,0.005243374998826766,0.07531170799120446,0.017079917994124116,0.01245391600241419,0.004089917001692811,0.19855216500218376,0.005485083998792106,,
sc_10000x20000_d05,scipy_csr,current,modules,,10000,20000,9851641,0.049258205,1600000000.0,78893136.0,80216980.0,9.0,408.0,40.0,0.0,macOS-26.6.2-arm64-arm-64bit,3.12.2,2026-09-18T19:52:11,,OK,,,0.9204262909988756,322125824.0,0.09884354200039525,580354048.0,0.038525708001543535,580370432.0,0.08619650000036927,767721472.0,0.12654549999933806,808452096.0,0.2274939999988419,812531712.0,0.5795483750007406,812531712.0,dense,4.363176486776865e-14,PASS,0.0001146240028901957,0.11974070899668732,0.024129290995915653,0.01134574900061125,0.06255583300662693,0.009621916000469355,0.013335832998564001,0.08186208400366013,0.0175680820029811,0.01277708399356925,0.012567292997118784,0.20907641700614477,0.005561458998272428,,
sc_10000x20000_d05,zarr_csc,current,modules,,10000,20000,9851641,0.049258205,1600000000.0,78893136.0,50715028.0,9.0,408.0,40.0,0.0,macOS-26.6.2-arm64-arm-64bit,3.12.2,2026-09-18T19:52:20,,OK,,,0.8722345419992052,210223104.0,0.20718891599972267,840450048.0,0.08993841700066696,844726272.0,0.10055529200326419,1050083328.0,0.14129195799978334,1111605248.0,0.2331973750006,1113391104.0,0.774525791999622,1113391104.0,dense,4.363176486776865e-14,PASS,0.10896720799792092,0.1663011259988707,0.07123149999824818,0.02575879300638917,0.06305203999727382,0.009310207999078557,0.028536875994177535,0.08120254099776503,0.01790937599434983,0.012925169005029602,0.02899224999418948,0.19863508399794227,0.005185294008697383,,
sc_10000x20000_d05,zarr_csr,current,modules,,10000,20000,9851641,0.049258205,1600000000.0,78893136.0,50107209.0,9.0,408.0,40.0,0.0,macOS-26.6.2-arm64-arm-64bit,3.12.2,2026-09-18T19:52:18,,OK,,,0.9090350000005856,210976768.0,0.16262870900027337,840171520.0,0.07815174999996088,847544320.0,0.11507162500129198,998506496.0,0.15191187500022352,1035108352.0,0.24334458399971481,1052753920.0,0.7533724999993865,1052753920.0,dense,4.363176486776865e-14,PASS,0.0984592499989958,0.1232079170003999,0.11510804199861013,0.03977195699189906,0.0633385820001422,0.009291876995121129,0.043892543009860674,0.07811754300200846,0.016784333005489316,0.012352708992693806,0.04327295700204559,0.1944770440022694,0.005217582995101111,,
sc_50000x20000_d05,dataframe,current,pipeline,v2,50000,20000,49415963,0.049415963,8000000000.0,395727712.0,398963676.0,9.0,408.0,40.0,0.0,macOS-26.6.2-arm64-arm-64bit,3.12.2,2026-09-19T11:15:24,11000000000.0,OK,True,True,0.8111907079946832,4596908032.0,0.016797958000097424,,0.001109083998017013,,0.2920085419973475,,0.35175120799976867,,0.4748375830022269,,10.006712750000588,9557442560.0,dense,0.0,PASS,,,,,,,,,,,,,,,True
sc_50000x20000_d05,dense,reference,modules,,50000,20000,49415963,0.049415963,8000000000.0,395727712.0,398963676.0,9.0,408.0,40.0,0.0,macOS-26.6.2-arm64-arm-64bit,3.12.2,2026-09-18T19:47:39,29000000000.0,OK,,,0.7701415839983383,4591386624.0,6.846826959001191,19155795968.0,8.731262792000052,28131082240.0,3.8574889589981467,20653244416.0,8.092120417000842,22693380096.0,1.3463985829985177,4843454464.0,28.876687500000116,28133949440.0,dense,0.0,reference,,,,,,,,,,,,,,,
sc_50000x20000_d05,h5ad_csc,current,modules,,50000,20000,49415963,0.049415963,8000000000.0,395727712.0,398456440.0,9.0,408.0,40.0,0.0,macOS-26.6.2-arm64-arm-64bit,3.12.2,2026-09-18T19:52:34,,OK,,,0.9323163750013919,224395264.0,0.7779051670004264,1456291840.0,0.3780137920002744,1459388416.0,0.4024490420015354,1938292736.0,0.5784785420000844,1998503936.0,1.1153083339995646,2062876672.0,3.2556555410010333,2062876672.0,dense,1.2195799925507345e-13,PASS,0.2754385820007883,0.8499092079946422,0.027188542000658344,0.021281332992657553,0.33646491699983017,0.040341042000363814,0.03233896099482081,0.40487141700214124,0.07397437700274168,0.06570145800287719,0.025106625002081273,1.0677562060045602,0.021405584004241973,,
sc_50000x20000_d05,h5ad_csr,current,modules,,50000,20000,49415963,0.049415963,8000000000.0,395727712.0,398963676.0,9.0,408.0,40.0,0.0,macOS-26.6.2-arm64-arm-64bit,3.12.2,2026-09-18T19:52:30,,OK,,,0.8913286660026642,225099776.0,0.5905493749996822,1280196608.0,0.2746211250014312,1299431424.0,0.5261758329979784,1775042560.0,0.7002332500014745,1868546048.0,1.2753815830001258,1909571584.0,3.3714093750022585,1909571584.0,dense,1.219024881038422e-13,PASS,0.22763154299900634,0.6122464180007228,0.36101112400137936,0.1299163350086019,0.34706087600352475,0.04392445900521125,0.14586287499696482,0.40953262399489176,0.07598370800042176,0.06690712500130758,0.1389454169984674,1.114929834002396,0.020456623002246488,,
sc_50000x20000_d05,scipy_csc,current,modules,,50000,20000,49415963,0.049415963,8000000000.0,395727712.0,398456440.0,9.0,408.0,40.0,0.0,macOS-26.6.2-arm64-arm-64bit,3.12.2,2026-09-18T19:52:26,,OK,,,1.024369624999963,653164544.0,0.7148436660027073,1706885120.0,0.3310941659983655,1706885120.0,0.4113140410008782,2167308288.0,0.5825841670011869,2263875584.0,1.109300042000541,2296037376.0,3.1528701250026643,2296037376.0,dense,1.2195799925507345e-13,PASS,0.14282737600296969,0.8684098329977132,0.00453837500026566,0.015670165994379204,0.34998949900182197,0.04022866800369229,0.024805916000332218,0.41461316799905035,0.07526516699726926,0.06661387299755006,0.013044835002801847,1.0750783330040576,0.020385331998113543,,
sc_50000x20000_d05,scipy_csr,current,modules,,50000,20000,49415963,0.049415963,8000000000.0,395727712.0,398963676.0,9.0,408.0,40.0,0.0,macOS-26.6.2-arm64-arm-64bit,3.12.2,2026-09-18T19:52:22,,OK,,,0.9449697499985632,666222592.0,0.4481368329979887,1506164736.0,0.21316495900100563,1506164736.0,0.4587165000011737,1981448192.0,0.6088685830000031,2089271296.0,1.2432059590028075,2130509824.0,2.9757289169974683,2130509824.0,dense,1.219024881038422e-13,PASS,0.04432054200879065,0.5929851660002896,0.1688504580015433,0.06793679401016561,0.3415746660066361,0.04397883199999342,0.07775745899925823,0.3979312069968728,0.06807954300529673,0.06372266699690954,0.07411858200430288,1.1467623740063573,0.021535000996664166,,
sc_50000x20000_d05,zarr_csc,current,modules,,50000,20000,49415963,0.049415963,8000000000.0,395727712.0,277248660.0,9.0,408.0,40.0,0.0,macOS-26.6.2-arm64-arm-64bit,3.12.2,2026-09-18T19:52:44,,OK,,,0.8968802079980378,215695360.0,0.9307910419993277,1540685824.0,0.4277740409997932,1541636096.0,0.47971879199758405,2022080512.0,0.6668401250026363,2076196864.0,1.1844625830017321,2114928640.0,3.6941201250010636,2114928640.0,dense,1.2195799925507345e-13,PASS,0.49083424999480485,0.8365650420055317,0.2487047509966942,0.0917819580026844,0.33971679200112703,0.042703207003796706,0.10956012499809731,0.41444658399632317,0.07350037500873441,0.06733125000755535,0.09888966800281196,1.0631036250015313,0.021451999997225357,,
sc_50000x20000_d05,zarr_csr,current,modules,,50000,20000,49415963,0.049415963,8000000000.0,395727712.0,250478567.0,9.0,408.0,40.0,0.0,macOS-26.6.2-arm64-arm-64bit,3.12.2,2026-09-18T19:52:39,,OK,,,0.9244287500005157,215203840.0,0.7067457090015523,1300086784.0,0.33811420900019584,1317371904.0,0.5782932080001046,1728544768.0,0.7760447919972648,1783595008.0,1.2990874999995867,1837891584.0,3.7025537920017086,1837891584.0,dense,1.219024881038422e-13,PASS,0.4043932920030784,0.6149622499979159,0.5559977920020174,0.1868334999999206,0.33589649999703397,0.04816199799824972,0.2129754179950396,0.42018587500206195,0.07569074999264558,0.06544587299140403,0.21079833200201392,1.0668172080040677,0.02035070899000857,,
sc_100000x20000_d01,dense,reference,modules,,100000,20000,19970457,0.0099852285,16000000000.0,160563664.0,165359536.0,9.0,408.0,40.0,0.0,macOS-26.6.2-arm64-arm-64bit,3.12.2,2026-09-18T20:20:04,58000000000.0,OOM_EXPECTED,,,,,,,,,,,,,,,,,,,,,,,,,,,,,,,,,,
sc_100000x20000_d01,h5ad_csc,current,modules,,100000,20000,19970457,0.0099852285,16000000000.0,160563664.0,164874248.0,9.0,408.0,40.0,0.0,macOS-26.6.2-arm64-arm-64bit,3.12.2,2026-09-18T20:20:18,,OK,,,0.9091187910016743,235175936.0,0.31974566600183607,1251917824.0,0.14118075000078534,1255522304.0,0.5988385420023405,1879588864.0,0.9874323750009353,2101542912.0,1.7084906670024793,2116665344.0,3.7608122499987076,2116665344.0,scipy_csr,1.1102230246251565e-16,PASS,0.103969040002994,0.33372316699751536,0.016673999998602085,0.0239156249917869,0.48889312299434096,0.07845537500179489,0.045116707995475736,0.7057224169948313,0.13463445899469662,0.10023575000377605,0.026509459003136726,1.648658958998567,0.03223137499662698,,
sc_100000x20000_d01,h5ad_csr,current,modules,,100000,20000,19970457,0.0099852285,16000000000.0,160563664.0,165359536.0,9.0,408.0,40.0,0.0,macOS-26.6.2-arm64-arm-64bit,3.12.2,2026-09-18T20:20:13,,OK,,,0.8969863329984946,233275392.0,0.24603995800134726,1121452032.0,0.10875316700185067,1137442816.0,0.6363287910025974,1782005760.0,1.03487129199857,2090598400.0,1.7125150420033606,2092384256.0,3.7430694159993436,2092384256.0,scipy_csr,0.0,PASS,0.09879708500011475,0.23461195699928794,0.1454909160056559,0.06416279300538008,0.4866544570031692,0.07804187399960938,0.09037099900524481,0.7115177500018035,0.13196853999761515,0.09930129200074589,0.0682355430071766,1.611513539999578,0.03159808100826922,,
sc_100000x20000_d01,scipy_csc,current,modules,,100000,20000,19970457,0.0099852285,16000000000.0,160563664.0,164874248.0,9.0,408.0,40.0,0.0,macOS-26.6.2-arm64-arm-64bit,3.12.2,2026-09-18T20:20:09,,OK,,,0.9339224169998488,415809536.0,0.2750176250010554,1102643200.0,0.12153570800001035,1103216640.0,0.5868400420004036,1958559744.0,0.9625947089989495,2171305984.0,1.6620791669993196,2176401408.0,3.6129494580018218,2176401408.0,scipy_csr,1.1102230246251565e-16,PASS,0.0348541249986738,0.3424779170018155,0.0022200410021468997,0.019178293998265872,0.4822695419934462,0.07826962499893853,0.038350960003299406,0.6910193769945181,0.13132337299975916,0.10020533299393719,0.01974508399143815,1.609902249998413,0.03127133400630555,,
sc_100000x20000_d01,scipy_csr,current,modules,,100000,20000,19970457,0.0099852285,16000000000.0,160563664.0,165359536.0,9.0,408.0,40.0,0.0,macOS-26.6.2-arm64-arm-64bit,3.12.2,2026-09-18T20:20:04,,OK,,,1.3210062079997442,424525824.0,0.16663100000005215,953679872.0,0.07680845800132374,956907520.0,0.6254742919991259,1825128448.0,0.9812249169990537,2108162048.0,1.6736947079989477,2129313792.0,3.5282109580002725,2129313792.0,scipy_csr,0.0,reference,0.003083666000748053,0.22374520899757044,0.05285837499832269,0.036416749011550564,0.5034694979985943,0.07867858400641126,0.05459741600861889,0.6946287479986495,0.13110870798846008,0.09914645800745348,0.03651075199377374,1.6038846640003612,0.03222508300314075,,
sc_100000x20000_d01,zarr_csc,current,modules,,100000,20000,19970457,0.0099852285,16000000000.0,160563664.0,121078835.0,9.0,408.0,40.0,0.0,macOS-26.6.2-arm64-arm-64bit,3.12.2,2026-09-18T20:20:28,,OK,,,0.8919514589979372,224706560.0,0.3967030829990108,1260912640.0,0.17697004200090305,1264287744.0,0.6311339999992924,1905901568.0,0.9977634999995644,2105278464.0,1.7058593750007276,2122334208.0,3.9136966669975664,2122334208.0,scipy_csr,1.1102230246251565e-16,PASS,0.21433245800653822,0.336443166994286,0.11916795900106081,0.058520166006928775,0.48905429099613684,0.07590583199998946,0.07670416799737723,0.6896325439993234,0.13004054000339238,0.09965266798826633,0.06076424899947597,1.6118872909974016,0.03209587299352279,,
sc_100000x20000_d01,zarr_csr,current,modules,,100000,20000,19970457,0.0099852285,16000000000.0,160563664.0,107292182.0,9.0,408.0,40.0,0.0,macOS-26.6.2-arm64-arm-64bit,3.12.2,2026-09-18T20:20:23,,OK,,,0.8923830829990038,225263616.0,0.2953062089982268,1100611584.0,0.1368151669994404,1102118912.0,0.6590294170018751,1713782784.0,1.0056189580027421,1980186624.0,1.6997812920017168,1985314816.0,3.801450916998874,1985314816.0,scipy_csr,0.0,PASS,0.1812004999956116,0.23098954199667787,0.22422904200357152,0.0926975410002342,0.4803559159990982,0.07838033199004713,0.1109956259970204,0.6624902089970419,0.1307412509995629,0.09964046099776169,0.09583995799766853,1.571179830996698,0.03170920900447527,,
sc_100000x20000_d05,dataframe,current,pipeline,v2,100000,20000,98829741,0.0494148705,16000000000.0,791437936.0,797013848.0,9.0,408.0,40.0,0.0,macOS-26.6.2-arm64-arm-64bit,3.12.2,2026-09-19T11:15:35,22000000000.0,OK,True,True,1.1599455000032322,9011118080.0,0.01342037499853177,,0.0018641249989741482,,0.5782509580021724,,0.7108987499959767,,0.9959054169958108,,22.361800000006042,17964531712.0,scipy_csr,3.340661081097096e-13,PASS,,,,,,,,,,,,,,,True
sc_100000x20000_d05,dense,reference,modules,,100000,20000,98829741,0.0494148705,16000000000.0,791437936.0,797013848.0,9.0,408.0,40.0,0.0,macOS-26.6.2-arm64-arm-64bit,3.12.2,2026-09-18T20:02:39,58000000000.0,OOM_EXPECTED,,,,,,,,,,,,,,,,,,,,,,,,,,,,,,,,,,
sc_100000x20000_d05,h5ad_csc,current,modules,,100000,20000,98829741,0.0494148705,16000000000.0,791437936.0,795999496.0,9.0,408.0,40.0,0.0,macOS-26.6.2-arm64-arm-64bit,3.12.2,2026-09-18T20:03:02,,OK,,,0.9601855830005661,235192320.0,1.5159050410002237,2243985408.0,0.7091652920025808,2244657152.0,0.8137013339983241,2629943296.0,1.2174040409990994,2677178368.0,2.2885316669999156,2688073728.0,6.549465625001176,2688073728.0,scipy_csr,3.3306690738754696e-16,PASS,0.5369222890039964,1.6465406680072192,0.03800216599847772,0.034930039997561835,0.6906340829991677,0.0813494160065602,0.05788337500052876,0.8771954170006211,0.1399973330044304,0.13968350099821691,0.04032183100207476,2.2055705839957227,0.04093120700417785,,
sc_100000x20000_d05,h5ad_csc,current,pipeline,fastpaths,100000,20000,98829741,0.0494148705,16000000000.0,791437936.0,795999496.0,9.0,408.0,40.0,0.0,macOS-26.6.2-arm64-arm-64bit,3.12.2,2026-09-19T00:23:45,,OK,True,False,0.9250859579988173,235847680.0,1.5145767920002982,,0.7102667500003008,,0.39233066700035124,,0.5379316250000556,,0.7258711670001503,,3.8882549580011982,2529820672.0,scipy_csr,3.3306690738754696e-16,PASS,0.5234548350017576,1.6483232089995,0.035161125004378846,0.03343116600444773,0.2775000010005897,0.07805654100593529,0.05644362599196029,0.20908745899578207,0.13647591800327064,0.13525174800452078,0.034834375997888856,0.6502830000063113,0.040723207996052224,,
sc_100000x20000_d05,h5ad_csc,current,pipeline,fastpaths_cache,100000,20000,98829741,0.0494148705,16000000000.0,791437936.0,795999496.0,9.0,408.0,40.0,0.0,macOS-26.6.2-arm64-arm-64bit,3.12.2,2026-09-19T00:24:15,,OK,True,True,0.9324400420009624,235536384.0,0.013418000002275221,,0.0010872919992834795,,0.38816166700053145,,0.533930749999854,,0.7172453749990382,,3.5207642079985817,2578153472.0,scipy_csr,3.3306690738754696e-16,PASS,0.3438696669982164,1.476478334989224,0.012324167000770103,0.02171916499719373,0.28321254300681176,0.07940058499661973,0.044663333996140864,0.2139587909950933,0.13795729100093013,0.13726862499242998,0.02399571001660661,0.6523971660026291,0.040822374998242594,1.8591969999979483,
sc_100000x20000_d05,h5ad_csc,current,pipeline,pipeline,100000,20000,98829741,0.0494148705,16000000000.0,791437936.0,795999496.0,9.0,408.0,40.0,0.0,macOS-26.6.2-arm64-arm-64bit,3.12.2,2026-09-18T21:02:05,,OK,,,0.9463323749987467,236781568.0,1.4899166659997718,,0.7036502079972706,,0.8249371249985415,,1.1686001250018307,,2.2149204580018704,,6.4076484170000185,2729984000.0,scipy_csr,3.3306690738754696e-16,PASS,0.5031562499934807,1.64522895600021,0.03570333300012862,0.03548854200562346,0.7038677499986079,0.08129687700784416,0.05708833400058211,0.8384715829961351,0.13567120999869076,0.13667537500077742,0.03845670800001244,2.1356821690023935,0.04075112300051842,,
sc_100000x20000_d05,h5ad_csc,current,pipeline,shared_cache,100000,20000,98829741,0.0494148705,16000000000.0,791437936.0,795999496.0,9.0,408.0,40.0,0.0,macOS-26.6.2-arm64-arm-64bit,3.12.2,2026-09-18T21:02:13,,OK,,,0.944882374998997,236060672.0,0.013668915999005549,,0.0010553339998295996,,0.7987377919998835,,1.1304645419986628,,2.1909063329985656,,5.987681374997919,2842968064.0,scipy_csr,3.3306690738754696e-16,PASS,0.3412412079924252,1.4738323760029743,0.01188387499860255,0.022497249996376922,0.6910884579992853,0.08057158299925504,0.044486167000286514,0.810195083002327,0.13727133499924093,0.1384323759957624,0.02387483199709095,2.1267959989927476,0.04020595700058038,1.8468727500003297,
sc_100000x20000_d05,h5ad_csc,,prototype,stats_sidecar,100000,20000,98829741,0.0494148705,,,,,,,,,,,,OK,,,,,,,,,,,,,,,1.479365166000207,2592948224.0,,,PASS,,,0.013468667006236501,0.02245666600356344,0.2708391659980407,0.07221612399735022,0.04154987501533469,0.13986366699828068,0.12401658501039492,0.12903379099589074,0.021750707011960912,0.5840695829901961,0.03879383498860989,0.01356849999865517,
sc_100000x20000_d05,h5ad_csc,current,pipeline,v2,100000,20000,98829741,0.0494148705,16000000000.0,791437936.0,795999496.0,9.0,408.0,40.0,0.0,macOS-26.6.2-arm64-arm-64bit,3.12.2,2026-09-19T11:07:27,,OK,True,True,0.9136523330016644,235520000.0,0.014012833002198022,,0.0011870000016642734,,0.3794646250025835,,0.43847570899379207,,0.6409843330038711,,3.3461891669940087,2580168704.0,scipy_csr,3.3306690738754696e-16,PASS,0.3644130020038574,1.4649890399959986,0.012618124994332902,0.025492665998172015,0.2732270439955755,0.07646404299157439,0.04130124999937834,0.14039345799392322,0.12440750098903663,0.13230100099463016,0.021649542984960135,0.57898983402265,0.04031845901045017,1.8690984999993816,True
sc_100000x20000_d05,h5ad_csc_gzip,current,modules,,100000,20000,98829741,0.0494148705,16000000000.0,791437936.0,505813264.0,9.0,408.0,40.0,0.0,macOS-26.6.2-arm64-arm-64bit,3.12.2,2026-09-18T20:37:18,,OK,,,0.9428281250002328,236011520.0,5.73105950000172,2335326208.0,2.7884402919989952,2338275328.0,1.0499676250001357,2707177472.0,1.4112731250024808,2730115072.0,2.498795291998249,2740748288.0,13.483971000001475,2740748288.0,scipy_csr,3.3306690738754696e-16,PASS,6.822257747993717,1.6500010840100003,0.8112747489976755,0.29293616799623123,0.6701893329991435,0.07984116500301752,0.31590516800861224,0.8186772500048392,0.13664520899692434,0.13737958499405067,0.2980239139942569,2.158018998990883,0.040871291002986254,,
sc_100000x20000_d05,h5ad_csr,current,modules,,100000,20000,98829741,0.0494148705,16000000000.0,791437936.0,797013848.0,9.0,408.0,40.0,0.0,macOS-26.6.2-arm64-arm-64bit,3.12.2,2026-09-18T20:02:54,,OK,,,0.979536625000037,234635264.0,1.1960437080015254,1885732864.0,0.5827524169981189,1887420416.0,1.081127417000971,2288893952.0,1.4336083749985846,2307276800.0,2.507703084000241,2322530304.0,6.805359166999551,2322530304.0,scipy_csr,0.0,PASS,0.4848093719992903,1.2599625860020751,0.727119582999876,0.2733138340045116,0.7138809190037136,0.0869278730096994,0.28722504200050025,0.8609539169956406,0.14108229300109087,0.14184858300359338,0.2686362899985397,2.1960614169984183,0.041269916993769584,,
sc_100000x20000_d05,h5ad_csr,current,pipeline,fastpaths,100000,20000,98829741,0.0494148705,16000000000.0,791437936.0,797013848.0,9.0,408.0,40.0,0.0,macOS-26.6.2-arm64-arm-64bit,3.12.2,2026-09-19T00:23:40,,OK,True,False,0.9273248750032508,236453888.0,1.154866332999518,,0.5547267090005334,,0.6216661669968744,,0.7646695830007957,,0.9403782920016965,,4.043322792000254,2170880000.0,scipy_csr,0.0,PASS,0.4629121679972741,1.2119262470005197,0.6944614589992852,0.2580679590028012,0.28068733400141355,0.07808945799479261,0.2763299990037922,0.21451295999941067,0.13735491699844715,0.13577537600212963,0.2557935010008805,0.6440127079949889,0.04054070799611509,,
sc_100000x20000_d05,h5ad_csr,current,pipeline,fastpaths_cache,100000,20000,98829741,0.0494148705,16000000000.0,791437936.0,797013848.0,9.0,408.0,40.0,0.0,macOS-26.6.2-arm64-arm-64bit,3.12.2,2026-09-19T00:24:11,,OK,True,True,0.9305165000005218,235126784.0,0.013105582998832688,,0.001046666999172885,,0.39356970899825683,,0.5316439579983125,,0.7176509160017304,,3.134244832999684,2294398976.0,scipy_csr,0.0,PASS,0.309281623998686,1.0664114989995142,0.07852495799670578,0.02372449900212814,0.28405224999733036,0.08089545999609982,0.04340470799434115,0.21428533300422714,0.1387997909951082,0.13507949900304084,0.02628628998718341,0.6501912510066177,0.0411421259996132,1.469538500001363,
sc_100000x20000_d05,h5ad_csr,current,pipeline,pipeline,100000,20000,98829741,0.0494148705,16000000000.0,791437936.0,797013848.0,9.0,408.0,40.0,0.0,macOS-26.6.2-arm64-arm-64bit,3.12.2,2026-09-18T21:01:51,,OK,,,0.9404891660014982,234012672.0,1.1450047079997603,,0.5556671250014915,,1.0391231249996054,,1.3729323329971521,,2.410872249998647,,6.529500459000701,2517090304.0,scipy_csr,0.0,PASS,0.46127524899929995,1.203671081999346,0.6960330399961094,0.2541746249953576,0.6991082079985063,0.08150641299653216,0.2848622070050624,0.810938875998545,0.13769258299362264,0.13873074998991797,0.25188325100316433,2.118288706005842,0.040672498991625616,,
sc_100000x20000_d05,h5ad_csr,current,pipeline,shared_cache,100000,20000,98829741,0.0494148705,16000000000.0,791437936.0,797013848.0,9.0,408.0,40.0,0.0,macOS-26.6.2-arm64-arm-64bit,3.12.2,2026-09-18T21:01:58,,OK,,,0.9468444579979405,235716608.0,0.012871874998381827,,0.0010648339994077105,,0.7956777079998574,,1.1590229579996958,,2.1823490830029186,,5.585872499999823,2559115264.0,scipy_csr,0.0,PASS,0.30776204200810753,1.0322181669980637,0.07941754299099557,0.023398082001222065,0.6888577920108219,0.0785847089937306,0.044371163996402174,0.8391712490047212,0.1362400010075362,0.13916233499912778,0.024836250002408633,2.1177016670008015,0.03978220799763221,1.4296502500001225,
sc_100000x20000_d05,h5ad_csr,,prototype,stats_sidecar,100000,20000,98829741,0.0494148705,,,,,,,,,,,,OK,,,,,,,,,,,,,,,2.057719791002455,1696235520.0,,,PASS,,,0.40705145800166065,0.43121820900705643,0.28570850000323844,0.07846450100259972,0.04318491500453092,0.20872704200883163,0.13483541799359955,0.13558562400430674,0.02485129099659389,0.6500270839969744,0.04056537599899457,,
sc_100000x20000_d05,h5ad_csr,current,pipeline,v2,100000,20000,98829741,0.0494148705,16000000000.0,791437936.0,797013848.0,9.0,408.0,40.0,0.0,macOS-26.6.2-arm64-arm-64bit,3.12.2,2026-09-19T11:07:23,,OK,True,True,0.9210581669976818,234504192.0,0.013870333998056594,,0.0011624170001596212,,0.37588508300541434,,0.43481354100367753,,0.6450804999985849,,2.955010207995656,2272149504.0,scipy_csr,0.0,PASS,0.3166175839942298,1.0714645409971126,0.07889199800411006,0.025192998997226823,0.26945496100961464,0.07743800100433873,0.04068416699738009,0.1389258719937061,0.12235845999384765,0.13277008399018086,0.023838666995288804,0.5793366680009058,0.04187879399978556,1.481449374994554,True
sc_100000x20000_d05,h5ad_csr_gzip,current,modules,,100000,20000,98829741,0.0494148705,16000000000.0,791437936.0,545875999.0,9.0,408.0,40.0,0.0,macOS-26.6.2-arm64-arm-64bit,3.12.2,2026-09-18T20:36:57,,OK,,,0.9470899999978428,239009792.0,5.587587750000239,1904066560.0,2.736116874999425,1907179520.0,3.217511791997822,2276671488.0,3.5366501249991416,2313469952.0,4.614728916003514,2325905408.0,19.69645970900092,2325905408.0,scipy_csr,0.0,PASS,7.091730335007014,1.1990869990077044,7.2193377500007045,2.4339417470073386,0.6950339580034779,0.08138504100497812,2.447191417006252,0.815470458004711,0.13393479200385627,0.13735416800773237,2.436203376000776,2.1356227080032113,0.04104675099733868,,
sc_100000x20000_d05,scipy_csc,current,modules,,100000,20000,98829741,0.0494148705,16000000000.0,791437936.0,795999496.0,9.0,408.0,40.0,0.0,macOS-26.6.2-arm64-arm-64bit,3.12.2,2026-09-18T20:02:47,,OK,,,1.0996607090019097,1059749888.0,1.3468908750000992,2613231616.0,0.6142699170013657,2613231616.0,0.8164153329998953,3350020096.0,1.1560123329982162,3381411840.0,2.2542647500013118,3386572800.0,6.1915707499974815,3386572800.0,scipy_csr,3.3306690738754696e-16,PASS,0.27731025200046133,1.6444049580022693,0.006844166997325374,0.026159749999351334,0.7007874579976487,0.08307808300014585,0.048069041993585415,0.8258176679955795,0.13877375000083703,0.14084683200781,0.02899912400607718,2.1814225839989376,0.04212604299391387,,
sc_100000x20000_d05,scipy_csc,current,pipeline,fastpaths,100000,20000,98829741,0.0494148705,16000000000.0,791437936.0,795999496.0,9.0,408.0,40.0,0.0,macOS-26.6.2-arm64-arm-64bit,3.12.2,2026-09-19T00:23:35,,OK,True,False,1.0540694170013012,1060290560.0,1.3337101659999462,,0.6203215830028057,,0.3819333329993242,,0.5168692920015019,,0.7446685840004648,,3.604823999998189,2976186368.0,scipy_csr,3.3306690738754696e-16,PASS,0.2658741259947419,1.6343705839972245,0.006269125002290821,0.022463085999333998,0.2774749599993811,0.07864154099661391,0.04238325000551413,0.20649716601110413,0.1336372929981735,0.1337006649991963,0.028885293002531398,0.6737745819991687,0.0419795840025472,,
sc_100000x20000_d05,scipy_csc,current,pipeline,fastpaths_cache,100000,20000,98829741,0.0494148705,16000000000.0,791437936.0,795999496.0,9.0,408.0,40.0,0.0,macOS-26.6.2-arm64-arm-64bit,3.12.2,2026-09-19T00:24:06,,OK,True,True,1.0204254999989644,1049182208.0,0.013600375001260545,,0.0010873749997699633,,0.3814574159987387,,0.5177732500014827,,0.736285584000143,,3.2848029579981812,3252830208.0,scipy_csr,3.3306690738754696e-16,PASS,0.1743280849950679,1.4268619990070874,0.0016802919999463484,0.021360915005061543,0.279547874990385,0.07726004199503222,0.04048366499773692,0.20728712199343136,0.13424287499583443,0.1356814170103462,0.025775289996090578,0.6685892910027178,0.04188908398646163,1.627121999998053,
sc_100000x20000_d05,scipy_csc,current,pipeline,pipeline,100000,20000,98829741,0.0494148705,16000000000.0,791437936.0,795999496.0,9.0,408.0,40.0,0.0,macOS-26.6.2-arm64-arm-64bit,3.12.2,2026-09-18T21:01:36,,OK,,,1.0791004580023582,1059618816.0,1.3558238750010787,,0.6152775839982496,,0.8061609999967914,,1.1260343339999963,,2.1800096670012863,,6.088087167001504,3407970304.0,scipy_csr,3.3306690738754696e-16,PASS,0.2592622080082947,1.6727618760050973,0.006489208000857616,0.02371754200430587,0.7060335419992043,0.07328362499538343,0.04337437599315308,0.8112135410010524,0.13227137499052333,0.1385538330032432,0.02577191699674586,2.114401625996834,0.03980545800368418,,
sc_100000x20000_d05,scipy_csc,current,pipeline,shared_cache,100000,20000,98829741,0.0494148705,16000000000.0,791437936.0,795999496.0,9.0,408.0,40.0,0.0,macOS-26.6.2-arm64-arm-64bit,3.12.2,2026-09-18T21:01:43,,OK,,,1.0327241249979124,1057243136.0,0.014094666999881156,,0.0017913330011651851,,0.8092578750001849,,1.1413322080006765,,2.143389542001387,,5.785964333001175,3695378432.0,scipy_csr,3.3306690738754696e-16,PASS,0.17301091600529617,1.4797242909917259,0.001733041000989033,0.024201458003517473,0.7022354570035532,0.07931291699787835,0.04159866700138082,0.8304491260023497,0.13284683400343056,0.13635795900336234,0.022521790997416247,2.079173581998475,0.04166520699072862,1.6710180410009343,
sc_100000x20000_d05,scipy_csc,current,pipeline,v2,100000,20000,98829741,0.0494148705,16000000000.0,791437936.0,795999496.0,9.0,408.0,40.0,0.0,macOS-26.6.2-arm64-arm-64bit,3.12.2,2026-09-19T11:07:19,,OK,True,True,1.0389894580002874,1060569088.0,0.013619874996948056,,0.0016847919978317805,,0.3620512920024339,,0.43467737500031944,,0.6371250829979545,,3.112119500001427,3148906496.0,scipy_csr,3.3306690738754696e-16,PASS,0.18124404101399705,1.451525833006599,0.0016433340060757473,0.021229583006061148,0.26603425099892775,0.07131487500009825,0.039982872011023574,0.1417779170005815,0.1196668330085231,0.1331767510055215,0.023447168015991338,0.5733210830003372,0.040328540999325924,1.660228290995292,True
sc_100000x20000_d05,scipy_csr,current,modules,,100000,20000,98829741,0.0494148705,16000000000.0,791437936.0,797013848.0,9.0,408.0,40.0,0.0,macOS-26.6.2-arm64-arm-64bit,3.12.2,2026-09-18T20:02:39,,OK,,,1.2580721669983177,1080360960.0,0.9315488329993968,2356969472.0,0.45295987500139745,2357002240.0,0.9436893329984741,2889728000.0,1.3034995829984837,2916204544.0,2.403502290999313,2920284160.0,6.039307084000029,2920284160.0,scipy_csr,0.0,reference,0.10715317000358482,1.2467896250127524,0.3643588759987324,0.149308875996212,0.6989962920088146,0.08867383399774553,0.17076124999221065,0.8459160850034095,0.14414062299692887,0.14055179199567647,0.1504334990058851,2.210441498998989,0.04118741800630232,,
sc_100000x20000_d05,scipy_csr,current,pipeline,fastpaths,100000,20000,98829741,0.0494148705,16000000000.0,791437936.0,797013848.0,9.0,408.0,40.0,0.0,macOS-26.6.2-arm64-arm-64bit,3.12.2,2026-09-19T00:23:30,,OK,True,False,1.2059049580020655,1077559296.0,0.9156725000029837,,0.4287732090015197,,0.49544608400174184,,0.6434823750023497,,0.8329301660014607,,3.323159958999895,2624602112.0,scipy_csr,0.0,PASS,0.10115229399889358,1.2092657089924614,0.35135195800467045,0.1373224570088496,0.2759902069992677,0.07821845700527774,0.16392316699784715,0.2086000020026404,0.13486266499603516,0.13537441799780936,0.13968125100291218,0.650879167002131,0.042338833005487686,,
sc_100000x20000_d05,scipy_csr,current,pipeline,fastpaths_cache,100000,20000,98829741,0.0494148705,16000000000.0,791437936.0,797013848.0,9.0,408.0,40.0,0.0,macOS-26.6.2-arm64-arm-64bit,3.12.2,2026-09-19T00:24:02,,OK,True,True,1.0382632910004759,1073152000.0,0.013549875002354383,,0.0018205829983344302,,0.3878123339964077,,0.5228979590028757,,0.7219264580016898,,2.8673908749988186,2759819264.0,scipy_csr,0.0,PASS,0.07022370799313649,1.0489659189952363,0.0777112920077343,0.02132816699304385,0.28092287400068017,0.0822617949997948,0.04165916700367234,0.209117583999614,0.13470562399743358,0.13734137499704957,0.024618373994599096,0.6568333330033056,0.040447541996400105,1.2119265420005831,
sc_100000x20000_d05,scipy_csr,current,pipeline,pipeline,100000,20000,98829741,0.0494148705,16000000000.0,791437936.0,797013848.0,9.0,408.0,40.0,0.0,macOS-26.6.2-arm64-arm-64bit,3.12.2,2026-09-18T21:01:22,,OK,,,1.2424754169987864,1080770560.0,0.8956825000022945,,0.4444651670019084,,0.9320401670011051,,1.2614864999995916,,2.263479916000506,,5.8017625829998,3117285376.0,scipy_csr,0.0,PASS,0.09797796000930248,1.2124917499968433,0.3398313740035519,0.1375973759968474,0.713008250000712,0.07752891899872338,0.16014024700780283,0.8246617940021679,0.13614374999451684,0.13978166700326256,0.13587921000726055,2.0874223330029054,0.040149291991838254,,
sc_100000x20000_d05,scipy_csr,current,pipeline,shared_cache,100000,20000,98829741,0.0494148705,16000000000.0,791437936.0,797013848.0,9.0,408.0,40.0,0.0,macOS-26.6.2-arm64-arm-64bit,3.12.2,2026-09-18T21:01:29,,OK,,,1.0733539159991778,1075707904.0,0.01374249999935273,,0.0019204589989385568,,0.7945726250000007,,1.1210537080005452,,2.1839953749986307,,5.344606165999721,3154968576.0,scipy_csr,0.0,PASS,0.07298750001064036,1.0606739160029974,0.07900191699809511,0.024169835000066087,0.6910589580002124,0.07594487399910577,0.04245604100287892,0.8060691260034218,0.13458141599403461,0.137859041995398,0.02325295999617083,2.1206620420052786,0.040047706996119814,1.2239092089985206,
sc_100000x20000_d05,scipy_csr,current,pipeline,v2,100000,20000,98829741,0.0494148705,16000000000.0,791437936.0,797013848.0,9.0,408.0,40.0,0.0,macOS-26.6.2-arm64-arm-64bit,3.12.2,2026-09-19T11:07:14,,OK,True,True,1.4083861670005717,1076346880.0,0.01322420799988322,,0.001795541997125838,,0.3573271659988677,,0.4288008329967852,,0.6310634999972535,,2.6606341669976246,2750726144.0,scipy_csr,0.0,PASS,0.07978453998657642,1.0532494189974386,0.07828295898798387,0.021563916008744854,0.2649551270005759,0.0676267910093884,0.0411812070015003,0.13796237299538916,0.1197454579960322,0.1298386249836767,0.022172456010594033,0.5695382920021075,0.039326665988483,1.2256428749969928,True
sc_100000x20000_d05,zarr_csc,current,modules,,100000,20000,98829741,0.0494148705,16000000000.0,791437936.0,590816380.0,9.0,408.0,40.0,0.0,macOS-26.6.2-arm64-arm-64bit,3.12.2,2026-09-18T20:03:18,,OK,,,0.9422177499982354,226213888.0,1.9049331249989336,2307276800.0,0.8850267080015328,2316124160.0,0.9765526250012044,2857910272.0,1.3047406250007043,2927460352.0,2.3748934579998604,2959310848.0,7.452226957997482,2959310848.0,scipy_csr,3.3306690738754696e-16,PASS,1.0485066229921358,1.699258001997805,0.38131875000181026,0.16422204200716806,0.7194571680010995,0.08589083400147501,0.16567658599524293,0.8540718330041273,0.1373057099954167,0.14480949800054077,0.15427179100515787,2.17462679399614,0.04412758400212624,,
sc_100000x20000_d05,zarr_csc,current,pipeline,fastpaths,100000,20000,98829741,0.0494148705,16000000000.0,791437936.0,590816380.0,9.0,408.0,40.0,0.0,macOS-26.6.2-arm64-arm-64bit,3.12.2,2026-09-19T00:23:56,,OK,True,False,0.9343049589988368,223559680.0,1.901611542001774,,0.860505832999479,,0.5460250420001103,,0.6593350840012135,,0.8425458329984394,,4.817137582998839,2879504384.0,scipy_csr,3.3306690738754696e-16,PASS,1.0335442919968045,1.6775031679935637,0.3800355830026092,0.1625126239923702,0.2986492940035532,0.08099262300311239,0.16759800099316635,0.21281737399840495,0.13771520799855352,0.14051224901049864,0.1459172499962733,0.6533062909984437,0.04329049800799112,,
sc_100000x20000_d05,zarr_csc,current,pipeline,fastpaths_cache,100000,20000,98829741,0.0494148705,16000000000.0,791437936.0,590816380.0,9.0,408.0,40.0,0.0,macOS-26.6.2-arm64-arm-64bit,3.12.2,2026-09-19T00:24:24,,OK,True,True,0.9235906250032713,222478336.0,0.013340916997549357,,0.0012697079982899595,,0.39631245900091017,,0.532985791000101,,0.7378751670003112,,4.003469958999631,2836676608.0,scipy_csr,3.3306690738754696e-16,PASS,0.668498458002432,1.5016144580040418,0.1182542500027921,0.02316308399895206,0.29233579100036877,0.07700112500606338,0.04424791499695857,0.21466758200040204,0.13695862500026124,0.13703383500615018,0.024579918001109036,0.672309375997429,0.040955876000225544,2.3140097909999895,
sc_100000x20000_d05,zarr_csc,current,pipeline,pipeline,100000,20000,98829741,0.0494148705,16000000000.0,791437936.0,590816380.0,9.0,408.0,40.0,0.0,macOS-26.6.2-arm64-arm-64bit,3.12.2,2026-09-18T21:02:36,,OK,,,0.9232444160006708,225148928.0,1.83931266700165,,0.8476764579972951,,0.9061155000017607,,1.2450682500020775,,2.3111607920000097,,7.154079208998155,2990030848.0,scipy_csr,3.3306690738754696e-16,PASS,1.0008944969995355,1.6457561680035724,0.3719697909982642,0.15884437400382012,0.6669750830042176,0.07629625000117812,0.16133658300168463,0.8085580420010956,0.13227825100329937,0.14218312200682703,0.14416754099875106,2.1272193350050657,0.03974099999322789,,
sc_100000x20000_d05,zarr_csc,current,pipeline,shared_cache,100000,20000,98829741,0.0494148705,16000000000.0,791437936.0,590816380.0,9.0,408.0,40.0,0.0,macOS-26.6.2-arm64-arm-64bit,3.12.2,2026-09-18T21:02:44,,OK,,,0.9153425410004274,222871552.0,0.012646915998629993,,0.0011033750015485566,,0.8056034590008494,,1.141410915999586,,2.161576958002115,,6.374616416000208,3009183744.0,scipy_csr,3.3306690738754696e-16,PASS,0.6618392080054036,1.4482725429916172,0.11631562500042492,0.02264600000853534,0.6995490400004201,0.0793671259925759,0.04300649899960263,0.8223712510043697,0.13686078999671736,0.13909729199804133,0.025835291999101173,2.0956925409991527,0.04002137599673006,2.2465461249994405,
sc_100000x20000_d05,zarr_csc,current,pipeline,v2,100000,20000,98829741,0.0494148705,16000000000.0,791437936.0,590816380.0,9.0,408.0,40.0,0.0,macOS-26.6.2-arm64-arm-64bit,3.12.2,2026-09-19T11:07:36,,OK,True,True,0.9233763750016806,227426304.0,0.013518208004825283,,0.0011614579998422414,,0.3776579999976093,,0.4410208339977544,,0.6424086249971879,,3.7675920000037877,2849521664.0,scipy_csr,3.3306690738754696e-16,PASS,0.6939301269885618,1.44525237599737,0.12258924999332521,0.023691289978160057,0.2763212499994552,0.07379120800760575,0.04344349899474764,0.1403938359944732,0.12440504198457347,0.13270383200870128,0.02437916598864831,0.5775080840030569,0.0404938770152512,2.28874283299956,True
sc_100000x20000_d05,zarr_csc+dask,current,modules,,100000,20000,98829741,0.0494148705,16000000000.0,791437936.0,590816380.0,9.0,408.0,40.0,0.0,macOS-26.6.2-arm64-arm-64bit,3.12.2,2026-09-19T08:53:44,,OK,False,False,0.9489978330020676,225001472.0,2.1600284579981235,1077444608.0,1.0073800419995678,1083932672.0,1.2247732090036152,1778139136.0,1.530710499995621,1965260800.0,2.593609415998799,1965309952.0,8.521162875003938,1965309952.0,scipy_csr,3.3306690738754696e-16,PASS,1.405314793009893,1.708492499026761,1.2024113750012475,0.4384204149901052,0.7000061660000938,0.07857833400339587,0.4390189170007943,0.8170339190182858,0.13415687599626835,0.13856604200555012,0.4198724179950659,2.131130541994935,0.041256332988268696,,
sc_100000x20000_d05,zarr_csc_g10,current,modules,,100000,20000,98829741,0.0494148705,16000000000.0,791437936.0,607447706.0,9.0,408.0,40.0,0.0,macOS-26.6.2-arm64-arm-64bit,3.12.2,2026-09-18T20:36:16,,OK,,,0.9322206249998999,226476032.0,2.281351125002402,2318565376.0,1.044525834000524,2318876672.0,0.9500765410011809,2824011776.0,1.235034416000417,2862366720.0,2.3299432920030085,2900262912.0,7.847292166999978,2900262912.0,scipy_csr,3.3306690738754696e-16,PASS,1.639819998999883,1.6339043750012934,0.37419162400328787,0.1594598340052471,0.7033532489949721,0.08001233300456079,0.16293512500124052,0.7996888749985374,0.1325574590046017,0.1372674569938681,0.1500905419998162,2.1352690420062572,0.04274716699728742,,
sc_100000x20000_d05,zarr_csc_g100,current,modules,,100000,20000,98829741,0.0494148705,16000000000.0,791437936.0,580244305.0,9.0,408.0,40.0,0.0,macOS-26.6.2-arm64-arm-64bit,3.12.2,2026-09-18T20:36:25,,OK,,,0.935577000000194,225525760.0,1.8354790410012356,2354446336.0,0.8420820840001397,2366930944.0,0.9444384579983307,2981199872.0,1.273697666998487,3015180288.0,2.3418383749994973,3041525760.0,7.2428934590025165,3041525760.0,scipy_csr,3.3306690738754696e-16,PASS,0.9487184990030073,1.6773490000050515,0.3912720000043919,0.15196916599597898,0.703700457001105,0.08184558399079833,0.1709939159991336,0.8261164159921464,0.13451049800642068,0.13951220699891564,0.163191667994397,2.1346522079911665,0.042209538998577045,,
sc_100000x20000_d05,zarr_csc_g1000,current,modules,,100000,20000,98829741,0.0494148705,16000000000.0,791437936.0,574354717.0,9.0,408.0,40.0,0.0,macOS-26.6.2-arm64-arm-64bit,3.12.2,2026-09-18T20:36:33,,OK,,,0.9279625829985889,224903168.0,2.05657258300198,2347155456.0,0.9580136660006247,2347565056.0,0.9385842920019059,3185410048.0,1.2898361250008747,3216310272.0,2.309517041001527,3222716416.0,7.557673999999679,3222716416.0,scipy_csr,3.3306690738754696e-16,PASS,1.227454667998245,1.737528540998028,0.390852292002819,0.1535916230022849,0.6967442910026875,0.08120983199842158,0.17610104200139176,0.8337709990082658,0.13950341700547142,0.13778320900382823,0.15869479100365425,2.106401125998673,0.04252120599630871,,
sc_100000x20000_d05,zarr_csc_raw,current,modules,,100000,20000,98829741,0.0494148705,16000000000.0,791437936.0,790825175.0,9.0,408.0,40.0,0.0,macOS-26.6.2-arm64-arm-64bit,3.12.2,2026-09-18T20:36:49,,OK,,,0.921222332999605,225165312.0,1.7123952909969375,2258501632.0,0.7807055420016695,2272509952.0,0.8788361249971786,2881503232.0,1.1967770000010205,2931277824.0,2.2155560409992177,2942877696.0,6.788076249998994,2942877696.0,scipy_csr,3.3306690738754696e-16,PASS,0.7509772090015758,1.6975072069944872,0.22939916800169158,0.10089904299820773,0.6907049589972303,0.08033075099956477,0.12175974999991013,0.7955358330000308,0.13562404200274614,0.1411853760073427,0.10461187400505878,2.06672087500192,0.04228912599864998,,
sc_100000x20000_d05,zarr_csr,current,modules,,100000,20000,98829741,0.0494148705,16000000000.0,791437936.0,500923439.0,9.0,408.0,40.0,0.0,macOS-26.6.2-arm64-arm-64bit,3.12.2,2026-09-18T20:03:10,,OK,,,0.9512211659966852,224051200.0,1.4477718329981144,1878622208.0,0.6989252080020378,1882226688.0,1.1808621669988497,2228862976.0,1.5459507500017935,2251849728.0,2.6303407920022437,2253537280.0,7.508824958000332,2253537280.0,scipy_csr,0.0,PASS,0.8568696259972057,1.2545285820015124,1.0779240840020066,0.37643387600473943,0.7147377079963917,0.08233612399635604,0.41898004199538263,0.8436292500045965,0.1387952100012626,0.14192200100660557,0.3839004599940381,2.203117998997186,0.04145379199690069,,
sc_100000x20000_d05,zarr_csr,current,pipeline,fastpaths,100000,20000,98829741,0.0494148705,16000000000.0,791437936.0,500923439.0,9.0,408.0,40.0,0.0,macOS-26.6.2-arm64-arm-64bit,3.12.2,2026-09-19T00:23:50,,OK,True,False,0.914205958997627,224231424.0,1.4349074170022504,,0.6800320830006967,,0.7332417919969885,,0.9142964589991607,,1.0934076249977807,,4.863409458001115,2107473920.0,scipy_csr,0.0,PASS,0.8516639990084514,1.227114374996745,1.0827705010015052,0.3685083339987614,0.2819976239952666,0.07956433400249807,0.414274294009374,0.21819749900168972,0.14082933199824765,0.14029362499786657,0.3929597909991571,0.6596901659977448,0.040721500998188276,,
sc_100000x20000_d05,zarr_csr,current,pipeline,fastpaths_cache,100000,20000,98829741,0.0494148705,16000000000.0,791437936.0,500923439.0,9.0,408.0,40.0,0.0,macOS-26.6.2-arm64-arm-64bit,3.12.2,2026-09-19T00:24:20,,OK,True,True,0.9277508750019479,224804864.0,0.013533374996768543,,0.0011639580006885808,,0.39111475000026985,,0.524524125001335,,0.7248739579990797,,3.3678546660012216,2209382400.0,scipy_csr,0.0,PASS,0.5382077510003,1.07392783299656,0.0773079999962647,0.02325633299915353,0.28669587499825866,0.07774320899261511,0.04579691699836985,0.2096217929974955,0.1330375409925182,0.1359932929990464,0.025648833005107008,0.6584419170030742,0.040755998008535244,1.7051011670009757,
sc_100000x20000_d05,zarr_csr,current,pipeline,pipeline,100000,20000,98829741,0.0494148705,16000000000.0,791437936.0,500923439.0,9.0,408.0,40.0,0.0,macOS-26.6.2-arm64-arm-64bit,3.12.2,2026-09-18T21:02:20,,OK,,,0.9264455829979852,224935936.0,1.4191479580003943,,0.6778162909977254,,1.125323791999108,,1.4840117910025583,,2.572159500003181,,7.284556083999632,2447114240.0,scipy_csr,0.0,PASS,0.8355136240024876,1.226105125995673,1.0462259590021858,0.36242337500152644,0.6777707900000678,0.08045945800404297,0.39111874899754184,0.8169321669993224,0.13524033199428231,0.13991833399268216,0.3886968769947998,2.1437781250060652,0.039651834002143005,,
sc_100000x20000_d05,zarr_csr,current,pipeline,shared_cache,100000,20000,98829741,0.0494148705,16000000000.0,791437936.0,500923439.0,9.0,408.0,40.0,0.0,macOS-26.6.2-arm64-arm-64bit,3.12.2,2026-09-18T21:02:29,,OK,,,0.928920875001495,226639872.0,0.01347508300023037,,0.0011546670029929373,,0.8121993749991816,,1.1535240410012193,,2.187288917000842,,5.845725083996513,2479570944.0,scipy_csr,0.0,PASS,0.5228326260003087,1.0617042910089367,0.07783466699765995,0.02381175100163091,0.7106954159971792,0.07435141700261738,0.04281924999668263,0.83595950099334,0.13567179199890234,0.13898683600564254,0.025107999001193093,2.121704626006249,0.04044816700115916,1.6727535409991106,
sc_100000x20000_d05,zarr_csr,current,pipeline,v2,100000,20000,98829741,0.0494148705,16000000000.0,791437936.0,500923439.0,9.0,408.0,40.0,0.0,macOS-26.6.2-arm64-arm-64bit,3.12.2,2026-09-19T11:07:31,,OK,True,True,0.9075374169988208,224444416.0,0.013312832998053636,,0.001113124999392312,,0.36941112500062445,,0.43716583299828926,,0.6343217909961822,,3.148884583999461,2222374912.0,scipy_csr,0.0,PASS,0.5582794590154663,1.0422930419808836,0.07524987500073621,0.02364112697978271,0.27228066700627096,0.07001533199945698,0.04156679201696534,0.14001724901027046,0.1232835839909967,0.1322233309983858,0.02164420799090294,0.5720622090084362,0.04058183199958876,1.6904920840024715,True
sc_100000x20000_d05,zarr_csr+dask,current,modules,,100000,20000,98829741,0.0494148705,16000000000.0,791437936.0,500923439.0,9.0,408.0,40.0,0.0,macOS-26.6.2-arm64-arm-64bit,3.12.2,2026-09-19T08:53:32,,OK,False,False,1.0699267919990234,225460224.0,2.6940509589985595,518356992.0,1.3198812089976855,651591680.0,1.6813417079974897,1686798336.0,2.002307832997758,1863254016.0,3.0525386660010554,1863434240.0,10.756069082999602,1863434240.0,scipy_csr,1.1102230246251565e-16,PASS,2.532903204060858,1.4073725870111957,2.549468249999336,0.8983504179996089,0.6955230820094584,0.0804750399911427,0.8940609180135652,0.8297590389920515,0.13296729000285268,0.14354183199611725,0.8657648320004228,2.144318833001307,0.04131070602306863,,
sc_100000x20000_d05,zarr_csr_c10k,current,modules,,100000,20000,98829741,0.0494148705,16000000000.0,791437936.0,495114136.0,9.0,408.0,40.0,0.0,macOS-26.6.2-arm64-arm-64bit,3.12.2,2026-09-18T20:35:47,,OK,,,0.9246745410018775,225345536.0,1.9243152079980064,2047623168.0,0.9264337919994432,2047819776.0,1.3994602079983451,2215411712.0,1.7574274580001656,2225848320.0,2.8099982499988982,2246246400.0,8.822827249998227,2246246400.0,scipy_csr,0.0,PASS,1.562548414010962,1.2529191670000728,1.780591374001233,0.6159946240004501,0.6975605400002678,0.07840741600011825,0.6369873330004339,0.8378899560048012,0.13982616499924916,0.1402771240027505,0.6240686670025752,2.1433224600077665,0.04098462599722552,,
sc_100000x20000_d05,zarr_csr_c1k,current,modules,,100000,20000,98829741,0.0494148705,16000000000.0,791437936.0,496172166.0,9.0,408.0,40.0,0.0,macOS-26.6.2-arm64-arm-64bit,3.12.2,2026-09-18T20:35:39,,OK,,,0.9659531249999418,223805440.0,1.3711524159989494,1974124544.0,0.652811957999802,1989345280.0,1.1429379170003813,2281062400.0,1.4949225829986972,2298445824.0,2.5386303329978546,2306539520.0,7.205853082999965,2306539520.0,scipy_csr,0.0,PASS,0.764559413997631,1.2234473329917819,0.9931952489969262,0.35383125099906465,0.7025223750024452,0.07906837499831454,0.381238289995963,0.8300179980033136,0.1408552069988218,0.14014950000637327,0.3565081660017313,2.1380757490005635,0.04213054099454894,,
sc_100000x20000_d05,zarr_csr_c50k,current,modules,,100000,20000,98829741,0.0494148705,16000000000.0,791437936.0,495028519.0,9.0,408.0,40.0,0.0,macOS-26.6.2-arm64-arm-64bit,3.12.2,2026-09-18T20:35:57,,OK,,,0.9276209160016151,224378880.0,4.7158264589998,2190802944.0,2.3129357079997135,2190983168.0,2.7916113329993095,2601746432.0,3.1918180829998164,2942599168.0,4.182442375000392,2954575872.0,17.198781625000265,2954575872.0,scipy_csr,0.0,PASS,5.764473871997325,1.232280250009353,5.998960499997338,2.011137791996589,0.6935488330091175,0.0795728750017588,2.067305667002074,0.8472102080013428,0.13503837499956717,0.14037962499787682,2.017561790995387,2.1216470830004255,0.04226970799572882,,
sc_100000x20000_d05,zarr_csr_raw,current,modules,,100000,20000,98829741,0.0494148705,16000000000.0,791437936.0,791145201.0,9.0,408.0,40.0,0.0,macOS-26.6.2-arm64-arm-64bit,3.12.2,2026-09-18T20:36:42,,OK,,,0.9173909999990428,224722944.0,1.2732978330022888,1858797568.0,0.5831540840008529,1858895872.0,1.0700143329995626,2174697472.0,1.4054508749977686,2205876224.0,2.4417902909990516,2207596544.0,6.778287749999436,2207596544.0,scipy_csr,0.0,PASS,0.6098424999872805,1.2115880829987873,0.7757749589982268,0.2752442080054607,0.7058233330026269,0.08214078900346067,0.30548929200085695,0.8281685420006397,0.1314401660056319,0.13766387500436394,0.2884432089958864,2.1108630010021443,0.04050029199424898,,
sc_100000x20000_d10,dense,reference,modules,,100000,20000,195084628,0.097542314,16000000000.0,1561477032.0,1567961824.0,9.0,408.0,40.0,0.0,macOS-26.6.2-arm64-arm-64bit,3.12.2,2026-09-18T20:24:32,58000000000.0,OOM_EXPECTED,,,,,,,,,,,,,,,,,,,,,,,,,,,,,,,,,,
sc_100000x20000_d10,h5ad_csc,current,modules,,100000,20000,195084628,0.097542314,16000000000.0,1561477032.0,1566386280.0,9.0,408.0,40.0,0.0,macOS-26.6.2-arm64-arm-64bit,3.12.2,2026-09-18T20:25:01,,OK,,,0.914407708998624,236027904.0,2.8241005419986323,2548465664.0,1.3221688750018075,2549121024.0,0.9850767919997452,3031285760.0,1.2287757910016808,3054469120.0,2.409190166999906,3064152064.0,8.773285792001843,3064152064.0,scipy_csr,4.440892098500626e-16,PASS,0.9264728349917277,3.151299001990992,0.0536477499990724,0.042924917994241696,0.8591436659953615,0.0767619590042159,0.06496387399965897,0.8864568739991228,0.12954654200439109,0.14526924999881885,0.04958783499387209,2.3131574990002264,0.04460645699509769,,
sc_100000x20000_d10,h5ad_csr,current,modules,,100000,20000,195084628,0.097542314,16000000000.0,1561477032.0,1567961824.0,9.0,408.0,40.0,0.0,macOS-26.6.2-arm64-arm-64bit,3.12.2,2026-09-18T20:24:51,,OK,,,0.9081773750003777,236453888.0,2.18348241700005,2249490432.0,1.0637104580018786,2249555968.0,1.3998082500002056,2705719296.0,1.6614303749993269,2720940032.0,2.7744618329998048,2731917312.0,9.086572083997453,2731917312.0,scipy_csr,0.0,PASS,0.8297450430036406,2.3756413710179913,1.2760487500017916,0.45199737499206094,0.865984167001443,0.0755519610029296,0.4710875409946311,0.9116693329997361,0.13054762500178185,0.14579966799647082,0.45683512600226095,2.2718750830063072,0.044123041992861545,,
sc_100000x20000_d10,scipy_csc,current,modules,,100000,20000,195084628,0.097542314,16000000000.0,1561477032.0,1566386280.0,9.0,408.0,40.0,0.0,macOS-26.6.2-arm64-arm-64bit,3.12.2,2026-09-18T20:24:41,,OK,,,1.1298577080015093,1838088192.0,2.5183676250017015,3691134976.0,1.1465110419994744,3691151360.0,0.9839203750016168,4421435392.0,1.2271331250012736,4461821952.0,2.348372667001968,4467736576.0,8.227357666997705,4467736576.0,scipy_csr,4.440892098500626e-16,PASS,0.47841612600677763,3.1260518339950067,0.01218308299939963,0.029708039997785818,0.8770081650000066,0.07169724900450092,0.04918887500389246,0.905548209007975,0.1282921670062933,0.14224533300148323,0.0310695420121192,2.2716348320027464,0.04455245800272678,,
sc_100000x20000_d10,scipy_csr,current,modules,,100000,20000,195084628,0.097542314,16000000000.0,1561477032.0,1567961824.0,9.0,408.0,40.0,0.0,macOS-26.6.2-arm64-arm-64bit,3.12.2,2026-09-18T20:24:32,,OK,,,1.3672293749987148,1879670784.0,1.7303405839993502,3375906816.0,0.8347757080009615,3375906816.0,1.1797007500026666,4015521792.0,1.4398015000006126,4042375168.0,2.590844250000373,4047437824.0,7.778935209000338,4047437824.0,scipy_csr,0.0,reference,0.18302587300422601,2.342670332011039,0.6474192920031783,0.24197824700240744,0.8610385399952065,0.07132483399254852,0.2623980430107622,0.9026155820029089,0.1281604980067641,0.14479050099907909,0.2448147089999111,2.29943649800407,0.04544162600359414,,
sc_100000x20000_d10,zarr_csc,current,modules,,100000,20000,195084628,0.097542314,16000000000.0,1561477032.0,1162100429.0,9.0,408.0,40.0,0.0,macOS-26.6.2-arm64-arm-64bit,3.12.2,2026-09-18T20:25:22,,OK,,,0.9145173750002868,225280000.0,3.5507747500014375,2678276096.0,1.6329018750002433,2683961344.0,1.1530542079999577,3441803264.0,1.4191978339986235,3543154688.0,2.642025458997523,3633070080.0,10.403818624999985,3633070080.0,scipy_csr,4.440892098500626e-16,PASS,1.9235884570043709,3.1972810439947352,0.5464247079980851,0.19823700000415556,0.87486587398962,0.07394004199522897,0.22796154100069543,0.9075337920075981,0.1293569980043685,0.1523533769977803,0.22502579199135653,2.368334081995272,0.04750004399829777,,
sc_100000x20000_d10,zarr_csr,current,modules,,100000,20000,195084628,0.097542314,16000000000.0,1561477032.0,966502379.0,9.0,408.0,40.0,0.0,macOS-26.6.2-arm64-arm-64bit,3.12.2,2026-09-18T20:25:11,,OK,,,0.911841708002612,225165312.0,2.7226597080007195,2270363648.0,1.2970312500001455,2277670912.0,1.5993709590002254,2688204800.0,1.8411869579977065,2690203648.0,3.10026645799735,2696724480.0,10.5645781250023,2696724480.0,scipy_csr,0.0,PASS,1.5958772530066199,2.3815392879878345,1.9463515429961262,0.6671333360063727,0.8520362069975818,0.07407620800222503,0.680040586998075,0.8864665420005622,0.12791733300400665,0.14460220800174284,0.7030035009956919,2.3503239160017984,0.04557775099601713,,
sc_250000x20000_d05,dataframe,current,pipeline,v2,250000,20000,246873713,0.0493747426,40000000000.0,1976989712.0,1989568620.0,9.0,408.0,40.0,0.0,macOS-26.6.2-arm64-arm-64bit,3.12.2,2026-09-19T11:16:00,55000000000.0,OOM_EXPECTED,,,,,,,,,,,,,,,,,,,,,,,,,,,,,,,,,,
sc_250000x20000_d05,dense,reference,modules,,250000,20000,246873713,0.0493747426,40000000000.0,1976989712.0,1989568620.0,9.0,408.0,40.0,0.0,macOS-26.6.2-arm64-arm-64bit,3.12.2,2026-09-18T20:03:27,145000000000.0,OOM_EXPECTED,,,,,,,,,,,,,,,,,,,,,,,,,,,,,,,,,,
sc_250000x20000_d05,h5ad_csc,current,modules,,250000,20000,246873713,0.0493747426,40000000000.0,1976989712.0,1986793816.0,9.0,408.0,40.0,0.0,macOS-26.6.2-arm64-arm-64bit,3.12.2,2026-09-18T20:04:19,,OK,,,0.9991335829981836,261128192.0,3.7155735829983314,3137896448.0,1.7547436249988095,3138600960.0,2.1146792500003357,5066031104.0,2.942831042000762,5551341568.0,5.588653625000006,5558960128.0,16.123400791999302,5558976512.0,scipy_csr,4.440892098500626e-16,PASS,1.283892958999786,4.097048580984847,0.06821229200068046,0.08130891700056964,1.82376233299874,0.19650433299830183,0.13505320799959009,2.0967191250019823,0.3437617079980555,0.3640845830013859,0.0851814980051131,5.395069835005415,0.10595108300549327,,
sc_250000x20000_d05,h5ad_csc,current,pipeline,fastpaths,250000,20000,246873713,0.0493747426,40000000000.0,1976989712.0,1986793816.0,9.0,408.0,40.0,0.0,macOS-26.6.2-arm64-arm-64bit,3.12.2,2026-09-19T00:25:01,,OK,True,False,0.9934142079982848,259981312.0,3.6539119589979236,,1.7087892499985173,,1.0208620420016814,,1.3426125829973898,,1.8156645829985791,,9.553210792000755,5005082624.0,scipy_csr,4.440892098500626e-16,PASS,1.2375405380007578,4.035848457009706,0.06571429300674936,0.08019008099654457,0.7414359149915981,0.19228637601190712,0.12924716599445674,0.5140271259951987,0.33710720699309604,0.36146925200591795,0.08334829099476337,1.6282595410011709,0.10402004200295778,,
sc_250000x20000_d05,h5ad_csc,current,pipeline,fastpaths_cache,250000,20000,246873713,0.0493747426,40000000000.0,1976989712.0,1986793816.0,9.0,408.0,40.0,0.0,macOS-26.6.2-arm64-arm-64bit,3.12.2,2026-09-19T00:26:04,,OK,True,True,0.9880865419982001,262111232.0,0.012837375001254259,,0.001059665999491699,,0.999062832997879,,1.321737750000466,,1.754791416999069,,8.550750709000567,5295423488.0,scipy_csr,4.440892098500626e-16,PASS,0.8376938749970577,3.5416213770113245,0.022206875000847504,0.060523709002154646,0.7374953329999698,0.19389958300598664,0.10656616800406482,0.5178392070010887,0.33845237400601036,0.3587855830010085,0.06046603999493527,1.5940286260010907,0.10026266599743394,4.450752749999083,
sc_250000x20000_d05,h5ad_csc,current,pipeline,v2,250000,20000,246873713,0.0493747426,40000000000.0,1976989712.0,1986793816.0,9.0,408.0,40.0,0.0,macOS-26.6.2-arm64-arm-64bit,3.12.2,2026-09-19T11:08:06,,OK,True,True,0.975784541995381,258359296.0,0.012670208001509309,,0.0012077089995727874,,0.9407564169960096,,1.1123835839971434,,1.5854633749986533,,8.068371249995835,4361912320.0,scipy_csr,4.440892098500626e-16,PASS,0.825210209004581,3.509400209004525,0.02228133400058141,0.05571862601209432,0.7024182080058381,0.17578570901969215,0.10435149999830173,0.3458197100117104,0.31008291500620544,0.35203220700350357,0.054090165001980495,1.4310017070019967,0.10033616700093262,4.409487500000978,True
sc_250000x20000_d05,h5ad_csr,current,modules,,250000,20000,246873713,0.0493747426,40000000000.0,1976989712.0,1989568620.0,9.0,408.0,40.0,0.0,macOS-26.6.2-arm64-arm-64bit,3.12.2,2026-09-18T20:04:01,,OK,,,0.9989789589999418,260096000.0,2.852794750000612,1929986048.0,1.396574791000603,1930444800.0,2.644273375000921,3999170560.0,3.5259884170009173,4493082624.0,6.1848323330013955,4496015360.0,16.61191237499952,4496031744.0,scipy_csr,0.0,PASS,1.1692099629908626,3.0287203370135103,1.7682180420015357,0.6466215400032524,1.7881172920060635,0.19817870899714762,0.6918265000058454,2.110385584001051,0.34895858200252405,0.372069956993073,0.6625838760119223,5.411728334005602,0.10871533399767941,,
sc_250000x20000_d05,h5ad_csr,current,pipeline,fastpaths,250000,20000,246873713,0.0493747426,40000000000.0,1976989712.0,1989568620.0,9.0,408.0,40.0,0.0,macOS-26.6.2-arm64-arm-64bit,3.12.2,2026-09-19T00:24:50,,OK,True,False,0.9941740419999405,263847936.0,2.8060807500005467,,1.3623898750010994,,1.6051731670013396,,1.9362909170013154,,2.3743530409992673,,10.093883916000777,3844898816.0,scipy_csr,0.0,PASS,1.11766016600086,2.9897767910006223,1.7665025420028542,0.6631422499922337,0.7377404569924693,0.19649233299787738,0.7004647940011637,0.5269294599929708,0.3405496669947752,0.36756279100154643,0.6355217490054201,1.6348907909996342,0.10390091800218215,,
sc_250000x20000_d05,h5ad_csr,current,pipeline,fastpaths_cache,250000,20000,246873713,0.0493747426,40000000000.0,1976989712.0,1989568620.0,9.0,408.0,40.0,0.0,macOS-26.6.2-arm64-arm-64bit,3.12.2,2026-09-19T00:25:55,,OK,True,True,0.995643750000454,266158080.0,0.014046125001186738,,0.0010944999994535465,,0.9976047499985725,,1.316689209001197,,1.7609979160006333,,7.634654916997533,3866886144.0,scipy_csr,0.0,PASS,0.7531447090150323,2.5561674580094405,0.19891337300578016,0.06206491599732544,0.7373781250098546,0.19046175199764548,0.10416845700092381,0.5184162900040974,0.3366937479986518,0.3573270409979159,0.05695633299910696,1.6020608330109098,0.10194899800262647,3.534724875000393,
sc_250000x20000_d05,h5ad_csr,current,pipeline,v2,250000,20000,246873713,0.0493747426,40000000000.0,1976989712.0,1989568620.0,9.0,408.0,40.0,0.0,macOS-26.6.2-arm64-arm-64bit,3.12.2,2026-09-19T11:07:58,,OK,True,True,0.9724579999965499,261341184.0,0.014122082997346297,,0.001149417003034614,,0.9414143750036601,,1.0831885840016184,,1.5571332090039505,,7.151964874996338,2918072320.0,scipy_csr,0.0,PASS,0.7655081240227446,2.561508789018262,0.19767541701730806,0.058440918000997044,0.7029124580003554,0.1741705010063015,0.10165596000297228,0.3338760850019753,0.3017312080046395,0.3458332909940509,0.053014960009022616,1.4037498319958104,0.10033741800725693,3.549749125006201,True
sc_250000x20000_d05,scipy_csc,current,modules,,250000,20000,246873713,0.0493747426,40000000000.0,1976989712.0,1986793816.0,9.0,408.0,40.0,0.0,macOS-26.6.2-arm64-arm-64bit,3.12.2,2026-09-18T20:03:44,,OK,,,1.243063792000612,2272657408.0,3.3133149169989338,4628529152.0,1.5819163330015726,4628561920.0,2.0909599170008732,6630096896.0,2.9806926250021206,7145291776.0,5.641493915998581,7145570304.0,15.615306042000157,7145586688.0,scipy_csr,4.440892098500626e-16,PASS,0.6920325829996727,4.143471955998393,0.01582908300042618,0.062498040999344084,1.8187410839927907,0.19812387700585532,0.11482941600843333,2.15231833299913,0.3417779179981153,0.368987667006877,0.07179662500857376,5.459697750004125,0.10800442000254407,,
sc_250000x20000_d05,scipy_csc,current,pipeline,fastpaths,250000,20000,246873713,0.0493747426,40000000000.0,1976989712.0,1986793816.0,9.0,408.0,40.0,0.0,macOS-26.6.2-arm64-arm-64bit,3.12.2,2026-09-19T00:24:39,,OK,True,False,1.2489209170016693,2271838208.0,3.2460140840012173,,1.5052009589999216,,1.0040986249987327,,1.3306470839997928,,1.8021352920004574,,8.897907499998837,6581878784.0,scipy_csr,4.440892098500626e-16,PASS,0.637357539992081,4.038299748011923,0.015076083000167273,0.06455429199922946,0.7424773730017478,0.19058483299522777,0.11221816700344789,0.5162014170055045,0.338196416007122,0.36333291600021766,0.06156446000022697,1.637470747991756,0.10306408300311887,,
sc_250000x20000_d05,scipy_csc,current,pipeline,fastpaths_cache,250000,20000,246873713,0.0493747426,40000000000.0,1976989712.0,1986793816.0,9.0,408.0,40.0,0.0,macOS-26.6.2-arm64-arm-64bit,3.12.2,2026-09-19T00:25:46,,OK,True,True,1.1690132500007167,2275606528.0,0.013717084002564661,,0.001098667002224829,,0.9850797500002955,,1.2931663330018637,,1.759302457998274,,8.03948612500244,7000031232.0,scipy_csr,4.440892098500626e-16,PASS,0.4329462879941275,3.4978789600027085,0.005809375001263106,0.05808941499708453,0.7309511690036743,0.1902303339993523,0.0995965000038268,0.5061059159961587,0.33148112300477806,0.3558965009979147,0.05434079299811856,1.6029683330016269,0.10195991599903209,3.9781574580010783,
sc_250000x20000_d05,scipy_csc,current,pipeline,v2,250000,20000,246873713,0.0493747426,40000000000.0,1976989712.0,1986793816.0,9.0,408.0,40.0,0.0,macOS-26.6.2-arm64-arm-64bit,3.12.2,2026-09-19T11:07:49,,OK,True,True,1.2314010839982075,2269544448.0,0.013706040997931268,,0.0020967079981346615,,0.9328856659994926,,1.0776524159955443,,1.550293000000238,,7.541456792001554,5986041856.0,scipy_csr,4.440892098500626e-16,PASS,0.4273711670175544,3.486986462979985,0.005808624999190215,0.055248791992198676,0.7006943320084247,0.17131445899576647,0.09661779301677598,0.3386256260055234,0.2971627529914258,0.3451551260004635,0.050606709002749994,1.398704084007477,0.10095066799112828,3.9604060829951777,True
sc_250000x20000_d05,scipy_csr,current,modules,,250000,20000,246873713,0.0493747426,40000000000.0,1976989712.0,1989568620.0,9.0,408.0,40.0,0.0,macOS-26.6.2-arm64-arm-64bit,3.12.2,2026-09-18T20:03:27,,OK,,,1.6222504590004974,2340241408.0,2.2765057910000905,3617865728.0,1.1060604580015934,3617865728.0,2.3656174999996438,5681184768.0,3.278339500000584,6151405568.0,5.885627332998411,6151471104.0,14.91929183299726,6151487488.0,scipy_csr,0.0,reference,0.270785247997992,3.0650061259948416,0.8888322080019861,0.36211174999698414,1.7795196680053778,0.21284616800039657,0.40039583400357515,2.160020915998757,0.34677050100799534,0.3684406640022644,0.35940600100002484,5.415983083013998,0.10847995700169122,,
sc_250000x20000_d05,scipy_csr,current,pipeline,fastpaths,250000,20000,246873713,0.0493747426,40000000000.0,1976989712.0,1989568620.0,9.0,408.0,40.0,0.0,macOS-26.6.2-arm64-arm-64bit,3.12.2,2026-09-19T00:24:29,,OK,True,False,1.6041863749996992,2331443200.0,2.2004860829983954,,1.0646294580001268,,1.2963114160011173,,1.6162518330020248,,2.0681717920015217,,8.255926667003223,5530238976.0,scipy_csr,0.0,PASS,0.25461470700611244,2.9658302499919955,0.8693779579989496,0.35536254300313885,0.7408900829977938,0.19406916600564728,0.39181195799756097,0.517967289997614,0.33810637399801635,0.3676140429924999,0.35422033299619216,1.6083834570017643,0.10553083300692379,,
sc_250000x20000_d05,scipy_csr,current,pipeline,fastpaths_cache,250000,20000,246873713,0.0493747426,40000000000.0,1976989712.0,1989568620.0,9.0,408.0,40.0,0.0,macOS-26.6.2-arm64-arm-64bit,3.12.2,2026-09-19T00:25:37,,OK,True,True,1.2693545420006558,2344140800.0,0.013754791998508153,,0.0022655840002698824,,1.0020327080019342,,1.3205817089983611,,1.7787671250007406,,7.126057708002918,5705973760.0,scipy_csr,0.0,PASS,0.180674460989394,2.594880670985731,0.19935249700210989,0.05944016400826513,0.74419000099806,0.19234712500110618,0.10437270700276713,0.5161122909958067,0.33794237300026,0.36206554300224525,0.05643387600139249,1.6177437099904637,0.10455329000978963,2.9991422909988614,
sc_250000x20000_d05,scipy_csr,current,pipeline,v2,250000,20000,246873713,0.0493747426,40000000000.0,1976989712.0,1989568620.0,9.0,408.0,40.0,0.0,macOS-26.6.2-arm64-arm-64bit,3.12.2,2026-09-19T11:07:41,,OK,True,True,1.5694512499976554,2338291712.0,0.012964124995050952,,0.002002249995712191,,0.9332403750013327,,1.0913454590045149,,1.5554234999945038,,6.5565288749930914,4731305984.0,scipy_csr,0.0,PASS,0.17455321000306867,2.5642174129898194,0.19506400299724191,0.05557758399663726,0.6977817930019228,0.17404545698082075,0.10125358098594006,0.3374644149953383,0.3048345409988542,0.3477003330044681,0.051487666998582426,1.4019817500084173,0.10192283400101587,2.9572008329996606,True
sc_250000x20000_d05,zarr_csc,current,modules,,250000,20000,246873713,0.0493747426,40000000000.0,1976989712.0,1556672036.0,9.0,408.0,40.0,0.0,macOS-26.6.2-arm64-arm-64bit,3.12.2,2026-09-18T20:04:56,,OK,,,0.9740180829976453,249020416.0,4.633368916001928,3231596544.0,2.156130084000324,3234922496.0,2.24834912499864,5661736960.0,3.138931417001004,6279610368.0,5.81115391700223,6297223168.0,17.9977608329973,6297239552.0,scipy_csr,4.440892098500626e-16,PASS,2.4822648749977816,4.222737959011283,0.6597297929984052,0.277521997995791,1.7611537900011172,0.19560841500060633,0.3470966680033598,2.0678950840047037,0.34621762400274747,0.3736758760023804,0.29926883200823795,5.3971524569969915,0.11226249899482355,,
sc_250000x20000_d05,zarr_csc,current,pipeline,fastpaths,250000,20000,246873713,0.0493747426,40000000000.0,1976989712.0,1556672036.0,9.0,408.0,40.0,0.0,macOS-26.6.2-arm64-arm-64bit,3.12.2,2026-09-19T00:25:25,,OK,True,False,0.962185167001735,253378560.0,4.5776698749978095,,2.129935500001011,,1.2571773749987187,,1.5677593340005842,,2.0043117919994984,,11.548994708002283,5823627264.0,scipy_csr,4.440892098500626e-16,PASS,2.423835372996109,4.207554997992702,0.6391580839990638,0.2687158759945305,0.7917605820075551,0.19063633200130425,0.33557391699650907,0.5212111240034574,0.3386764979950385,0.3715536660020007,0.2713449570037483,1.6238946239936922,0.10903508499177406,,
sc_250000x20000_d05,zarr_csc,current,pipeline,fastpaths_cache,250000,20000,246873713,0.0493747426,40000000000.0,1976989712.0,1556672036.0,9.0,408.0,40.0,0.0,macOS-26.6.2-arm64-arm-64bit,3.12.2,2026-09-19T00:26:23,,OK,True,True,0.9455087919996004,252215296.0,0.01338558299903525,,0.0010606670002744067,,1.0340590840023651,,1.3234411660014302,,1.7714633340001456,,9.648930499999551,5592154112.0,scipy_csr,4.440892098500626e-16,PASS,1.5996640820012544,3.633861998998327,0.20840041700284928,0.05912700000408222,0.7689562500017928,0.19877229000485386,0.1081786690010631,0.5159181680064648,0.3395507909990556,0.35969641599513125,0.06188316699990537,1.6035067069969955,0.10603875100423465,5.494324125000276,
sc_250000x20000_d05,zarr_csc,current,pipeline,v2,250000,20000,246873713,0.0493747426,40000000000.0,1976989712.0,1556672036.0,9.0,408.0,40.0,0.0,macOS-26.6.2-arm64-arm-64bit,3.12.2,2026-09-19T11:08:24,,OK,True,True,0.9510749580003903,250642432.0,0.012914625003759284,,0.0011756250023609027,,0.9787206250039162,,1.0943087089981418,,1.5645335419976618,,9.136940250005864,4770201600.0,scipy_csr,4.440892098500626e-16,PASS,1.6773287940013688,3.54204654404748,0.20671724999556318,0.06309329098439775,0.7329132079976262,0.17558074998669326,0.10128195699508069,0.3375277490049484,0.3038926260196604,0.3515136260029976,0.05237412400310859,1.409810125012882,0.10231849900446832,5.477533917000983,True
sc_250000x20000_d05,zarr_csr,current,modules,,250000,20000,246873713,0.0493747426,40000000000.0,1976989712.0,1248483563.0,9.0,408.0,40.0,0.0,macOS-26.6.2-arm64-arm-64bit,3.12.2,2026-09-18T20:04:36,,OK,,,0.9633743340018555,244891648.0,3.5109325000012177,1907408896.0,1.671923166999477,1909456896.0,2.971154625000054,3948216320.0,3.805981416000577,4450271232.0,6.418519291997654,4468555776.0,18.385818999999174,4468572160.0,scipy_csr,0.0,PASS,1.9898595430058776,3.1316841680090874,2.5492462090005574,0.9259241270083294,1.8380282910075039,0.1948215409902332,0.9662889580104093,2.12220645999696,0.34454716498657945,0.37035004200515687,0.8991713750037889,5.409091125999112,0.10849866400531027,,
sc_250000x20000_d05,zarr_csr,current,pipeline,fastpaths,250000,20000,246873713,0.0493747426,40000000000.0,1976989712.0,1248483563.0,9.0,408.0,40.0,0.0,macOS-26.6.2-arm64-arm-64bit,3.12.2,2026-09-19T00:25:12,,OK,True,False,0.9486902919998101,250609664.0,3.460395707999851,,1.659630999998626,,1.8514525840000715,,2.182555791998311,,2.6055945840016648,,11.768878209000832,3780837376.0,scipy_csr,0.0,PASS,1.9789671220023592,3.078937747995951,2.4989562509981624,0.8934534150066611,0.7553697079929407,0.1949210410057276,0.950682249997044,0.5269916659963201,0.33725904099992476,0.3668708329969377,0.8833678340015467,1.61916341599499,0.10302229100852855,,
sc_250000x20000_d05,zarr_csr,current,pipeline,fastpaths_cache,250000,20000,246873713,0.0493747426,40000000000.0,1976989712.0,1248483563.0,9.0,408.0,40.0,0.0,macOS-26.6.2-arm64-arm-64bit,3.12.2,2026-09-19T00:26:14,,OK,True,True,0.9576279590000922,253001728.0,0.01282054200055427,,0.0011226659989915788,,0.9916132079997624,,1.3177730419993168,,1.7789329160004854,,8.244713541000237,3865853952.0,scipy_csr,0.0,PASS,1.26761087500563,2.6363427080141264,0.19872695799858775,0.059364333013945725,0.733058041001641,0.19153337499665213,0.10388024900021264,0.5175325829986832,0.3400827079967712,0.356188874997315,0.059475081998243695,1.6166553350012691,0.10277241699805018,4.132921165997686,
sc_250000x20000_d05,zarr_csr,current,pipeline,v2,250000,20000,246873713,0.0493747426,40000000000.0,1976989712.0,1248483563.0,9.0,408.0,40.0,0.0,macOS-26.6.2-arm64-arm-64bit,3.12.2,2026-09-19T11:08:15,,OK,True,True,0.9319622910043108,254443520.0,0.01332058400294045,,0.0012072919998900034,,0.9561294169980101,,1.087638541997876,,1.5673699170001782,,7.798882374998357,2876522496.0,scipy_csr,0.0,PASS,1.337868457994773,2.5994937069990556,0.19615587199223228,0.05824074899283005,0.7159620000093128,0.17495295900152996,0.0991428329871269,0.33911275101127103,0.30187904099875595,0.3474109160088119,0.0517684169972199,1.4157668339903466,0.09980454298784025,4.167019082997285,True
sc_1000000x20000_d01,dense,reference,modules,,1000000,20000,199723604,0.0099861802,160000000000.0,1605788840.0,1646081664.0,9.0,408.0,40.0,0.0,macOS-26.6.2-arm64-arm-64bit,3.12.2,2026-09-18T20:20:33,580000000000.0,OOM_EXPECTED,,,,,,,,,,,,,,,,,,,,,,,,,,,,,,,,,,
sc_1000000x20000_d01,h5ad_csc,current,modules,,1000000,20000,199723604,0.0099861802,160000000000.0,1605788840.0,1640390152.0,9.0,408.0,40.0,0.0,macOS-26.6.2-arm64-arm-64bit,3.12.2,2026-09-18T20:22:31,,OK,,,1.239136749998579,391069696.0,2.9587758339985157,3374596096.0,1.3611030829997617,3375202304.0,6.3790404589999525,11947409408.0,9.982357958000648,13629407232.0,17.173797082999954,12949897216.0,37.878066707999096,13629407232.0,scipy_csr,3.885780586188048e-16,PASS,1.022560956003872,3.2128757499958738,0.060728459000529256,0.20457262400668697,5.3377763320095255,0.801507374006178,0.3946799590012233,7.038515333999385,1.3934387079934822,1.1427084160022787,0.1941393329980201,16.632476500002667,0.33939650000684196,,
sc_1000000x20000_d01,h5ad_csr,current,modules,,1000000,20000,199723604,0.0099861802,160000000000.0,1605788840.0,1646081664.0,9.0,408.0,40.0,0.0,macOS-26.6.2-arm64-arm-64bit,3.12.2,2026-09-18T20:21:52,,OK,,,1.2322587499984365,391954432.0,2.249579374998575,2449391616.0,1.069844749999902,2448965632.0,6.868163582999841,11028480000.0,10.434534125000937,12715999232.0,17.539239708999958,11985944576.0,38.1827028330008,12715999232.0,scipy_csr,0.0,PASS,0.9561099990023649,2.310767625018343,1.463385417999234,0.6749054989959404,5.376983749003557,0.7817529589992773,0.8559262090020638,7.066286000001128,1.3620701280087815,1.13904374798949,0.6566461260008509,16.53175621000264,0.3430477499969129,,
sc_1000000x20000_d01,scipy_csc,current,modules,,1000000,20000,199723604,0.0099861802,160000000000.0,1605788840.0,1640390152.0,9.0,408.0,40.0,0.0,macOS-26.6.2-arm64-arm-64bit,3.12.2,2026-09-18T20:21:13,,OK,,,1.5060750830016332,2012364800.0,2.552122208999208,4487954432.0,1.1866952499985928,4487970816.0,6.456825250003021,13029425152.0,10.026718540997535,14781005824.0,17.17977716599853,14021345280.0,37.424249542000325,14781005824.0,scipy_csr,3.885780586188048e-16,PASS,0.4890480860012758,3.1878452869932516,0.01300541599994176,0.1844717500025581,5.428917418004858,0.8094186230046034,0.3879190830011794,7.097435791001772,1.3950530820002314,1.1353801249933895,0.17487533100211294,16.656032251001307,0.34095549800258595,,
sc_1000000x20000_d01,scipy_csr,current,modules,,1000000,20000,199723604,0.0099861802,160000000000.0,1605788840.0,1646081664.0,9.0,408.0,40.0,0.0,macOS-26.6.2-arm64-arm-64bit,3.12.2,2026-09-18T20:20:33,,OK,,,2.3415009580021433,2098692096.0,1.7394354999996722,3561160704.0,0.8160284169971419,3561668608.0,6.700917083002423,12092424192.0,10.231588500002545,13792722944.0,17.412818834000063,13084082176.0,36.92505487499875,13792722944.0,scipy_csr,0.0,reference,0.19908045499687432,2.309000000001106,0.7051304170017829,0.43147179100560606,5.3832542470008775,0.8497652510013722,0.6255770420029876,7.083747874999972,1.3905639159929706,1.1202304989965342,0.4004743330006022,16.666424207996897,0.3379983340018953,,
sc_1000000x20000_d01,zarr_csc,current,modules,,1000000,20000,199723604,0.0099861802,160000000000.0,1605788840.0,1320479845.0,9.0,408.0,40.0,0.0,macOS-26.6.2-arm64-arm-64bit,3.12.2,2026-09-18T20:23:51,,OK,,,1.0548576660003164,359251968.0,3.653469958000642,3433185280.0,1.7496597919998749,3434610688.0,6.580506917001912,12455313408.0,10.091113916001632,14153908224.0,17.321274583999184,13108920320.0,39.41995674999998,14153908224.0,scipy_csr,3.885780586188048e-16,PASS,2.026048713003547,3.297592541002814,0.5379601240019838,0.3679020409908844,5.3990732910024235,0.7774617919931188,0.5512239999989106,7.036859874002403,1.352947209004924,1.1413094599956821,0.3579938760049117,16.616267164998135,0.33930537599735544,,
sc_1000000x20000_d01,zarr_csr,current,modules,,1000000,20000,199723604,0.0099861802,160000000000.0,1605788840.0,1071041767.0,9.0,408.0,40.0,0.0,macOS-26.6.2-arm64-arm-64bit,3.12.2,2026-09-18T20:23:11,,OK,,,1.0584187919994292,360398848.0,2.8020201249964884,2367815680.0,1.3146068329988339,2373238784.0,7.068264416997408,10940825600.0,10.532465667001816,12631113728.0,17.498196249998728,11947671552.0,39.236039292001806,12631113728.0,scipy_csr,0.0,PASS,1.6753723359797732,2.3882537509853137,2.1089287510003487,0.8764017519933986,5.3941849149960035,0.7628308330022264,1.0669944189976377,6.973485708000226,1.351437999994232,1.1323450829950161,0.8838829179949244,16.268070291000186,0.338416539998434,,
sc_1000000x20000_d05,dense,reference,modules,,1000000,20000,987261022,0.0493630511,160000000000.0,7906088184.0,7953584568.0,9.0,408.0,40.0,0.0,macOS-26.6.2-arm64-arm-64bit,3.12.2,2026-09-18T20:05:15,580000000000.0,OOM_EXPECTED,,,,,,,,,,,,,,,,,,,,,,,,,,,,,,,,,,
sc_1000000x20000_d05,h5ad_csc,current,modules,,1000000,20000,987261022,0.0493630511,160000000000.0,7906088184.0,7941305544.0,9.0,408.0,40.0,0.0,macOS-26.6.2-arm64-arm-64bit,3.12.2,2026-09-18T20:08:37,,OK,,,1.298282667001331,384630784.0,14.483983583002555,3137306624.0,6.765634374998626,3138191360.0,9.056449125000654,11169579008.0,12.093149874999654,12762710016.0,22.540214458000264,12033327104.0,64.96822633299962,12762710016.0,scipy_csr,1.4988010832439613e-15,PASS,5.049875917022291,15.850419623980997,0.23005270699650282,0.31347570700381766,7.910260208005639,0.790211540999735,0.5124208750021353,8.549462665996543,1.363328042007197,1.6563705019980262,0.31603420800092863,21.76796679200197,0.44653283200023,,
sc_1000000x20000_d05,h5ad_csc,current,pipeline,fastpaths,1000000,20000,987261022,0.0493630511,160000000000.0,7906088184.0,7941305544.0,9.0,408.0,40.0,0.0,macOS-26.6.2-arm64-arm-64bit,3.12.2,2026-09-19T00:28:33,,OK,True,False,1.2658827920022304,393019392.0,14.308827083001233,,6.686939416998939,,4.386079332998634,,5.550374750000628,,7.280434457999945,,38.251853707999544,11846877184.0,scipy_csr,1.4988010832439613e-15,PASS,5.011798921001173,15.619578034024016,0.20874262500365148,0.3031009999976959,3.293191458000365,0.7719841260040994,0.4958047069958411,2.0932646240071335,1.3580667060014093,1.6024587910069386,0.29395945900614606,6.550431750991265,0.4359994559963525,,
sc_1000000x20000_d05,h5ad_csc,current,pipeline,fastpaths_cache,1000000,20000,987261022,0.0493630511,160000000000.0,7906088184.0,7941305544.0,9.0,408.0,40.0,0.0,macOS-26.6.2-arm64-arm-64bit,3.12.2,2026-09-19T00:32:33,,OK,True,True,1.2611992500023916,382140416.0,0.012940000000526197,,0.001035499997669831,,4.303583249999065,,5.513242000000901,,7.146974041999783,,34.34710945799816,11945443328.0,scipy_csr,1.4988010832439613e-15,PASS,3.34685995300606,13.68416191099459,0.07593337499929476,0.23002004199588555,3.281341789996077,0.7747710829971766,0.42362162599602016,2.098765082995669,1.364233417003561,1.626512000002549,0.2213955410006747,6.506859374996566,0.4186736670053506,17.33122308399834,
sc_1000000x20000_d05,h5ad_csc,current,modules,fastpaths_modules,1000000,20000,987261022,0.0493630511,160000000000.0,7906088184.0,7941305544.0,9.0,408.0,40.0,0.0,macOS-26.6.2-arm64-arm-64bit,3.12.2,2026-09-19T00:36:26,,OK,True,False,1.2842188340000575,382042112.0,14.439404083001136,3149496320.0,6.680588916999113,3149709312.0,4.367162750000716,9174532096.0,5.604149667000456,10348249088.0,7.3041066660007345,8776794112.0,38.420840332997614,10348281856.0,scipy_csr,1.4988010832439613e-15,PASS,5.010245574016153,15.752016078971792,0.22015812599784113,0.30175762600265443,3.256156250001368,0.7708047079941025,0.503120500001387,2.110657540997636,1.3569667919982749,1.6231322100029502,0.3068266659938672,6.5444267069979105,0.44312716600688873,,
sc_1000000x20000_d05,h5ad_csc,current,pipeline,pipeline,1000000,20000,987261022,0.0493630511,160000000000.0,7906088184.0,7941305544.0,9.0,408.0,40.0,0.0,macOS-26.6.2-arm64-arm-64bit,3.12.2,2026-09-19T00:12:16,,OK,,,1.1750477499990666,392167424.0,13.8007636250004,,6.471611583001504,,8.465028333997907,,12.681686916999752,,22.460756917000253,,63.92310541700135,15693053952.0,scipy_csr,1.4988010832439613e-15,PASS,4.629099619993212,15.323931545997766,0.21985795900036464,0.2981602500040026,7.4100131260020135,0.7408345839940012,0.49982904299758957,9.188357916991663,1.3905968320032116,1.6021092509981827,0.30989325000700774,21.744459709003422,0.406359793007141,,
sc_1000000x20000_d05,h5ad_csc,current,pipeline,shared_cache,1000000,20000,987261022,0.0493630511,160000000000.0,7906088184.0,7941305544.0,9.0,408.0,40.0,0.0,macOS-26.6.2-arm64-arm-64bit,3.12.2,2026-09-19T00:14:52,,OK,,,1.2494732919985836,389103616.0,0.01315312499718857,,0.00115712499973597,,8.641756208002334,,11.84868808399915,,22.086756791999505,,59.98433966600351,15688269824.0,scipy_csr,1.4988010832439613e-15,PASS,3.3171033729886403,13.726529584015225,0.0747479999990901,0.23602741599461297,7.619258290993457,0.7668326650018571,0.4250672919952194,8.457083043998864,1.3577523320054752,1.608677167998394,0.22197029200106044,21.451025832993764,0.413719875003153,17.35232362500028,
sc_1000000x20000_d05,h5ad_csc,,prototype,stats_sidecar,1000000,20000,987261022,0.0493630511,,,,,,,,,,,,OK,,,,,,,,,,,,,,,17.7179677919994,10543824896.0,,,PASS,,,0.10944987499897252,0.3463293339991651,3.298013333005656,0.8289665020020038,0.4340386670010048,2.149458958996547,1.4247848340019118,1.6198445000081847,0.23725291799928527,6.87231729099949,0.42539737400147715,,
sc_1000000x20000_d05,h5ad_csc,current,pipeline,v2,1000000,20000,987261022,0.0493630511,160000000000.0,7906088184.0,7941305544.0,9.0,408.0,40.0,0.0,macOS-26.6.2-arm64-arm-64bit,3.12.2,2026-09-19T11:10:11,,OK,True,True,1.2762537090020487,385384448.0,0.016100624998216517,,0.0010544590040808544,,4.167253249994246,,4.543316124996636,,6.263360041994019,,32.4278210420016,7552499712.0,scipy_csr,1.4988010832439613e-15,PASS,3.3586704300541896,13.759350376996736,0.07339950000459794,0.23733612699288642,3.216186915000435,0.6948592930057202,0.4079035809772904,1.3592130429897225,1.2122701240004972,1.5638083320081932,0.2043814169956022,5.6464117920113495,0.4125221660142415,17.422806499998842,True
sc_1000000x20000_d05,h5ad_csc,current,pipeline,v2_stats_build,1000000,20000,987261022,0.0493630511,160000000000.0,7906088184.0,7941305544.0,9.0,408.0,40.0,0.0,macOS-26.6.2-arm64-arm-64bit,3.12.2,2026-09-19T11:18:35,,OK,True,True,1.276881500001764,384106496.0,0.012790833003236912,,0.001048833000822924,,4.163803916002507,,4.569340875001217,,6.293028125001001,,32.45120237499941,7562625024.0,scipy_csr,1.4988010832439613e-15,PASS,3.342699958018784,13.73739900401415,0.07235054099874105,0.23162470999523066,3.2221944570119376,0.692604667005071,0.40966937498888,1.3738861669917242,1.2143825420134817,1.5712774980056565,0.2117376259775483,5.661688459011202,0.4195578320068307,17.389211290996172,True
sc_1000000x20000_d05,h5ad_csc,current,pipeline,v2_stats_reuse,1000000,20000,987261022,0.0493630511,160000000000.0,7906088184.0,7941305544.0,9.0,408.0,40.0,0.0,macOS-26.6.2-arm64-arm-64bit,3.12.2,2026-09-19T11:19:09,,OK,True,True,1.2525916249942384,394887168.0,0.013054834002105054,,0.0011054159986088052,,4.190367165996577,,4.5682302079949295,,6.31704054200236,,15.193280250001408,5915983872.0,scipy_csr,1.4988010832439613e-15,PASS,,,0.07740754199767252,0.2453525849923608,3.2169610819983063,0.7050193359973491,0.4093799980037147,1.3742167930104188,1.2132926230042358,1.5712299989827443,0.21061308398930123,5.680546413997945,0.42583608200220624,0.07751233300223248,True
sc_1000000x20000_d05,h5ad_csc,current,pipeline,v2_ws,1000000,20000,987261022,0.0493630511,160000000000.0,7906088184.0,7941305544.0,9.0,408.0,40.0,0.0,macOS-26.6.2-arm64-arm-64bit,3.12.2,2026-09-19T11:13:34,,OK,True,True,1.286441417003516,370409472.0,0.014286749996244907,,0.001052833002177067,,4.217824833001941,,4.650853334002022,,6.426005833003728,,33.19597170799534,3789684736.0,scipy_csr,1.4988010832439613e-15,PASS,3.5490778389867046,13.951694540024619,0.07850583300023573,0.24755466400529258,3.2151812090014573,0.7257189999872935,0.43451428900880273,1.3686478760064347,1.2451260009911493,1.6024423749840935,0.22730491798574803,5.767668749002041,0.4309858330016141,17.86571579199517,False
sc_1000000x20000_d05,h5ad_csc_gzip,current,modules,,1000000,20000,987261022,0.0493630511,160000000000.0,7906088184.0,4999140127.0,9.0,408.0,40.0,0.0,macOS-26.6.2-arm64-arm-64bit,3.12.2,2026-09-18T20:53:47,,OK,,,1.3813620410001022,411320320.0,55.34302054100044,3247980544.0,27.048213832997135,3263774720.0,9.947979625001608,11170070528.0,13.045496082999307,12710576128.0,23.238842958999157,12000165888.0,128.64648374999888,12710576128.0,scipy_csr,1.4988010832439613e-15,PASS,65.78867262501808,16.25628904302357,3.656013959003758,1.4413817520071461,7.699106083007791,0.7679483729989443,1.6395182099950034,8.450225085001875,1.3455036679988552,1.5995407070040528,1.4561525409990281,21.343217832007213,0.4297137509965978,,
sc_1000000x20000_d05,h5ad_csr,current,modules,,1000000,20000,987261022,0.0493630511,160000000000.0,7906088184.0,7953584568.0,9.0,408.0,40.0,0.0,macOS-26.6.2-arm64-arm-64bit,3.12.2,2026-09-18T20:07:27,,OK,,,1.3084257500013337,369459200.0,12.07267766699806,2784575488.0,5.636360665997927,2784772096.0,11.34997149999981,11845648384.0,14.59672933299953,13292290048.0,25.038786791999883,12561268736.0,68.71914579099757,13292290048.0,scipy_csr,0.0,PASS,5.073289290998218,12.415480911993654,7.252793624000333,2.6337252509983955,7.889004083997861,0.7852266640002199,2.8615589589935553,8.688889416000166,1.3723401250026654,1.6638141680086846,2.700842874004593,21.87841508499696,0.45044208300168975,,
sc_1000000x20000_d05,h5ad_csr,current,pipeline,fastpaths,1000000,20000,987261022,0.0493630511,160000000000.0,7906088184.0,7953584568.0,9.0,408.0,40.0,0.0,macOS-26.6.2-arm64-arm-64bit,3.12.2,2026-09-19T00:27:50,,OK,True,False,1.2762837090012908,385712128.0,12.32492029200148,,5.426824583999405,,6.651466625000467,,7.773256374999619,,9.539951917002327,,41.75526079200063,12296126464.0,scipy_csr,0.0,PASS,5.537565039991023,12.028771084991604,6.95570666700587,2.5548070870063384,3.3139934180035198,0.7657325419968402,2.714703958004975,2.093860166001832,1.354710668001644,1.6091879160012468,2.5776086670011864,6.533773789997213,0.42852320699967095,,
sc_1000000x20000_d05,h5ad_csr,current,pipeline,fastpaths_cache,1000000,20000,987261022,0.0493630511,160000000000.0,7906088184.0,7953584568.0,9.0,408.0,40.0,0.0,macOS-26.6.2-arm64-arm-64bit,3.12.2,2026-09-19T00:31:59,,OK,True,True,1.2928069160006999,389988352.0,0.013620666999486275,,0.003299333999166265,,4.338629207999475,,5.490219750001415,,7.1747716660029255,,32.622764625000855,12516392960.0,scipy_csr,0.0,PASS,4.193215833991417,10.471822502990108,0.7890887859975919,0.2327185410031234,3.315688250004314,0.7732266679959139,0.4220894589961972,2.108904958990024,1.3478657910054608,1.6112542469927575,0.22020462500222493,6.527142583003297,0.4273779180039128,15.564674124998419,
sc_1000000x20000_d05,h5ad_csr,current,modules,fastpaths_modules,1000000,20000,987261022,0.0493630511,160000000000.0,7906088184.0,7953584568.0,9.0,408.0,40.0,0.0,macOS-26.6.2-arm64-arm-64bit,3.12.2,2026-09-19T00:35:43,,OK,True,False,1.2931254590002936,388890624.0,12.256493958000647,2823733248.0,5.524909040999773,2833235968.0,6.712286709000182,9312534528.0,7.824099125002249,10760683520.0,9.566511083998193,9198747648.0,41.90799966699706,10760683520.0,scipy_csr,0.0,PASS,5.4914417959989805,12.103104252015328,7.004228082994814,2.574244373005058,3.3313574160019925,0.7682678759992996,2.741499917003239,2.0972114200048964,1.3586696240017773,1.6168514170058188,2.5900817520159762,6.524301666999236,0.44286187500256347,,
sc_1000000x20000_d05,h5ad_csr,current,pipeline,pipeline,1000000,20000,987261022,0.0493630511,160000000000.0,7906088184.0,7953584568.0,9.0,408.0,40.0,0.0,macOS-26.6.2-arm64-arm-64bit,3.12.2,2026-09-18T22:49:13,,OK,,,1.3853302499992424,373653504.0,12.4323802910003,,5.234914833999937,,10.624878916998568,,13.666266124997492,,24.644497416997183,,66.6447000420012,16180117504.0,scipy_csr,0.0,PASS,5.865826367989939,11.618900873996608,6.905867125999066,2.384301496997068,7.479654667000432,0.7446077489985328,2.5665090000002238,8.22187654100344,1.3273981239908608,1.5497309579950524,2.8382142079899495,21.39516524800274,0.4110776240049745,,
sc_1000000x20000_d05,h5ad_csr,current,pipeline,shared_cache,1000000,20000,987261022,0.0493630511,160000000000.0,7906088184.0,7953584568.0,9.0,408.0,40.0,0.0,macOS-26.6.2-arm64-arm-64bit,3.12.2,2026-09-19T00:22:29,,OK,False,True,1.27161208400139,385728512.0,0.012525875001301756,,0.0011473749982542358,,8.66818579199753,,11.819878250000329,,22.17974329199933,,58.57856541699948,16350806016.0,scipy_csr,0.0,PASS,4.675818172025174,10.299061665999034,0.7672532080032397,0.23091003900481155,7.654763502006972,0.7657998760005285,0.43158554100227775,8.427066334996198,1.3435203330009244,1.617599669003539,0.22701004100235878,21.531638125001336,0.4210546649992466,15.851194000002579,
sc_1000000x20000_d05,h5ad_csr,,prototype,stats_sidecar,1000000,20000,987261022,0.0493630511,,,,,,,,,,,,OK,,,,,,,,,,,,,,,20.710848750000878,11836227584.0,,,PASS,,,3.720415290998062,3.956875210002181,3.293673456995748,0.7726870410042466,0.4158327100012684,2.092437664996396,1.3640187910059467,1.6101411250019737,0.22582275099557592,6.479649123994022,0.43251591700391145,,
sc_1000000x20000_d05,h5ad_csr,current,pipeline,v2,1000000,20000,987261022,0.0493630511,160000000000.0,7906088184.0,7953584568.0,9.0,408.0,40.0,0.0,macOS-26.6.2-arm64-arm-64bit,3.12.2,2026-09-19T11:09:40,,OK,True,True,1.2900781249991269,370688000.0,0.013003125000977889,,0.0010744169994723052,,4.127235749998363,,4.537907249999989,,6.257749582997349,,30.297734332998516,7785054208.0,scipy_csr,0.0,PASS,3.8598134990315884,10.59063570600847,0.7801781630114419,0.23817346101714065,3.1862211670013494,0.6854266250084038,0.400907167007972,1.3677786679836572,1.2038787080018665,1.565228417995968,0.20247645799827296,5.637621957008378,0.41760941800748697,15.347538165995502,True
sc_1000000x20000_d05,h5ad_csr,current,pipeline,v2_stats_build,1000000,20000,987261022,0.0493630511,160000000000.0,7906088184.0,7953584568.0,9.0,408.0,40.0,0.0,macOS-26.6.2-arm64-arm-64bit,3.12.2,2026-09-19T11:17:44,,OK,True,True,1.3757221669948194,396312576.0,0.013746500000706874,,0.0011050410030293278,,4.1587561660053325,,4.587023667001631,,6.262047541000356,,30.484437833998527,7796867072.0,scipy_csr,0.0,PASS,4.065815792993817,10.463118869927712,0.7994694590088329,0.23916325000755023,3.2097293339829776,0.6925285420002183,0.41165729198837653,1.387589416008268,1.2027002499962691,1.584960623004008,0.20598412400431698,5.631947250010853,0.42407445800927235,15.443961167002271,True
sc_1000000x20000_d05,h5ad_csr,current,pipeline,v2_stats_reuse,1000000,20000,987261022,0.0493630511,160000000000.0,7906088184.0,7953584568.0,9.0,408.0,40.0,0.0,macOS-26.6.2-arm64-arm-64bit,3.12.2,2026-09-19T11:18:16,,OK,True,True,1.2398177920040325,396083200.0,0.014068666998355184,,0.0012602089991560206,,4.176760125003057,,4.55835875000048,,6.295158875000197,,17.364486375001434,7157956608.0,scipy_csr,0.0,PASS,,,2.287690124998335,0.23984579200623557,3.2280940399941755,0.6907272920143441,0.4063805410041823,1.3730995839941897,1.1996861679872382,1.5790823320057825,0.21422562500811182,5.65750595699501,0.42338383400056046,2.2926182500013965,True
sc_1000000x20000_d05,h5ad_csr,current,pipeline,v2_ws,1000000,20000,987261022,0.0493630511,160000000000.0,7906088184.0,7953584568.0,9.0,408.0,40.0,0.0,macOS-26.6.2-arm64-arm-64bit,3.12.2,2026-09-19T11:13:02,,OK,True,True,1.2835727499987115,354811904.0,0.015469000005396083,,0.0010892089994740672,,4.232097457999771,,4.665167042003304,,6.431491666000511,,30.55501016699418,3879616512.0,scipy_csr,0.0,PASS,3.3588386650080793,10.892640371042944,0.7907338739896659,0.24669458400603617,3.219578251009807,0.7355649579985766,0.4294859579895274,1.3785020010109292,1.2560610420114244,1.6009902489968226,0.22543745800066972,5.7781150009905105,0.4278988750083954,15.19026679200033,False
sc_1000000x20000_d05,h5ad_csr_gzip,current,modules,,1000000,20000,987261022,0.0493630511,160000000000.0,7906088184.0,5450392880.0,9.0,408.0,40.0,0.0,macOS-26.6.2-arm64-arm-64bit,3.12.2,2026-09-18T20:50:33,,OK,,,1.3669239590017241,395935744.0,54.0301286670001,2834464768.0,26.471717832999275,2839642112.0,31.918474624999362,11839651840.0,35.02675445799832,13287571456.0,45.296854374999384,12586369024.0,192.76599158300087,13287571456.0,scipy_csr,0.0,PASS,68.31680745898848,11.993881296992186,69.46687762500369,23.37480604099983,7.743023250004626,0.7619757079992269,23.597127541997907,8.456195459995797,1.3555605419969652,1.6072486660086724,23.385583376006252,21.467371751001338,0.4346596670038707,,
sc_1000000x20000_d05,scipy_csc,current,modules,,1000000,20000,987261022,0.0493630511,160000000000.0,7906088184.0,7941305544.0,9.0,408.0,40.0,0.0,macOS-26.6.2-arm64-arm-64bit,3.12.2,2026-09-18T20:06:21,,OK,,,2.219153082998673,8343683072.0,12.67960312500145,10631446528.0,5.849715250002191,10631446528.0,9.1906123330009,18614910976.0,12.598289166999166,20109557760.0,23.295061415999953,19438075904.0,63.644256792002125,20109557760.0,scipy_csr,1.4988010832439613e-15,PASS,2.625459997976577,15.653426918030164,0.058555167001031805,0.26575104300354724,7.9664915400026075,0.8955097919970285,0.49965554100708687,8.964113251004164,1.4577646240068134,1.6559568739903625,0.28248833199904766,22.557112249993224,0.4413157070011948,,
sc_1000000x20000_d05,scipy_csc,current,pipeline,fastpaths,1000000,20000,987261022,0.0493630511,160000000000.0,7906088184.0,7941305544.0,9.0,408.0,40.0,0.0,macOS-26.6.2-arm64-arm-64bit,3.12.2,2026-09-19T00:27:11,,OK,True,False,2.249707875002059,8345190400.0,12.844242334002047,,5.937833750002028,,4.294437958000344,,5.524718374999793,,7.603977666996798,,36.252792333998514,19242762240.0,scipy_csr,1.4988010832439613e-15,PASS,2.5649161679830286,15.976011960992764,0.058443207995878765,0.25311741700352286,3.2303039559956233,0.7913917089972529,0.4448518309945939,2.097189375996095,1.3636127509926155,1.618315456995333,0.2506750410029781,6.919476086997747,0.4337825020047603,,
sc_1000000x20000_d05,scipy_csc,current,pipeline,fastpaths_cache,1000000,20000,987261022,0.0493630511,160000000000.0,7906088184.0,7941305544.0,9.0,408.0,40.0,0.0,macOS-26.6.2-arm64-arm-64bit,3.12.2,2026-09-19T00:31:23,,OK,True,True,2.2442720420003752,8355659776.0,0.012796084000001429,,0.0034004589979304,,4.316437124998629,,5.563401832998352,,7.752158209001209,,33.14227475000007,19520225280.0,scipy_csr,1.4988010832439613e-15,PASS,1.717189042003156,13.556392378992314,0.021174999998038402,0.23245629100711085,3.2697752070016577,0.7943423350043304,0.43403774900434655,2.138309542002389,1.3918976659988402,1.5990569169989612,0.2418287490036164,7.084084582991636,0.4261976260058873,15.444201915997837,
sc_1000000x20000_d05,scipy_csc,current,modules,fastpaths_modules,1000000,20000,987261022,0.0493630511,160000000000.0,7906088184.0,7941305544.0,9.0,408.0,40.0,0.0,macOS-26.6.2-arm64-arm-64bit,3.12.2,2026-09-19T00:35:03,,OK,True,False,2.216545416998997,8327282688.0,13.205560708000121,10614882304.0,6.23114070900192,10614882304.0,4.408289250000962,16575807488.0,5.662093458999152,17688068096.0,7.31927016699774,16168239104.0,36.85339716599992,17688068096.0,scipy_csr,1.4988010832439613e-15,PASS,2.654260292991239,16.535477041023114,0.0588388340001984,0.25577203999637277,3.2975844989996403,0.8085470829973929,0.4588845409998612,2.141266791993985,1.413376624997909,1.6322379569974146,0.2658019169939507,6.600990167000418,0.4397519989979628,,
sc_1000000x20000_d05,scipy_csc,current,pipeline,pipeline,1000000,20000,987261022,0.0493630511,160000000000.0,7906088184.0,7941305544.0,9.0,408.0,40.0,0.0,macOS-26.6.2-arm64-arm-64bit,3.12.2,2026-09-18T21:47:30,,OK,,,2.129342042000644,8352743424.0,12.12248108300264,,6.046209667001676,,11.546794791996945,,13.146859749998839,,22.3735367090012,,65.30234929200014,23229775872.0,scipy_csr,1.4988010832439613e-15,PASS,2.500446921992989,15.43182754402369,0.08294437500080676,0.38034212301135994,9.672927417996107,1.4676218759959738,0.5656779999990249,9.349761710003804,1.5328519579925342,1.6976470429981418,0.2539769989962224,21.719198414997663,0.40031754299707245,,
sc_1000000x20000_d05,scipy_csc,current,pipeline,shared_cache,1000000,20000,987261022,0.0493630511,160000000000.0,7906088184.0,7941305544.0,9.0,408.0,40.0,0.0,macOS-26.6.2-arm64-arm-64bit,3.12.2,2026-09-18T22:10:24,,OK,,,2.827022042001772,8347140096.0,0.013085874998068903,,0.003288666997832479,,8.736890709002182,,11.782963207999273,,22.96195691700268,,59.448576833001425,23195582464.0,scipy_csr,1.4988010832439613e-15,PASS,1.6774706240175874,14.046140289003233,0.019695082999533042,0.24492991600345704,7.622076540999842,0.8536937089957064,0.426662624005985,8.452505582998128,1.3669762489989807,1.5367215810110793,0.23241483599849744,22.32345329299642,0.4060489149960631,15.895959708999726,
sc_1000000x20000_d05,scipy_csc,,prototype,stats_sidecar,1000000,20000,987261022,0.0493630511,,,,,,,,,,,,OK,,,,,,,,,,,,,,,18.479280749997997,27434123264.0,,,PASS,,,0.024027792002016213,0.3089860830004909,3.329389751990675,1.2052678350009955,0.4820655440016708,2.2114952099982474,1.4929366670039599,1.6033419590057747,0.24520879299234366,7.0727998329966795,0.42527879400586244,,
sc_1000000x20000_d05,scipy_csc,current,pipeline,v2,1000000,20000,987261022,0.0493630511,160000000000.0,7906088184.0,7941305544.0,9.0,408.0,40.0,0.0,macOS-26.6.2-arm64-arm-64bit,3.12.2,2026-09-19T11:09:06,,OK,True,True,2.209517249997589,8327331840.0,0.012535374997241888,,0.0013195420033298433,,4.197470958002668,,4.745775041999877,,6.471847459004493,,31.204691040999023,15085961216.0,scipy_csr,1.4988010832439613e-15,PASS,1.7811247930294485,13.738865614985116,0.022074499996961094,0.24252520899608498,3.221314666014223,0.7141186679946259,0.4666608749976149,1.4015184599920758,1.2903969169929042,1.5870735850112396,0.2155945009944844,5.8413670849840855,0.41484499799844343,15.762096541999199,True
sc_1000000x20000_d05,scipy_csc,current,pipeline,v2_stats_build,1000000,20000,987261022,0.0493630511,160000000000.0,7906088184.0,7941305544.0,9.0,408.0,40.0,0.0,macOS-26.6.2-arm64-arm-64bit,3.12.2,2026-09-19T11:16:51,,OK,True,True,2.182455458001641,8324005888.0,0.012510250002378598,,0.0010480830023880117,,4.133121041995764,,4.715433958001086,,6.565609375000349,,31.45838895899942,15043723264.0,scipy_csr,1.4988010832439613e-15,PASS,1.7078506290490623,14.090966247989854,0.020437166996998712,0.24107366798853036,3.151109539991012,0.7152032910016715,0.4398457939969376,1.4125184210279258,1.2982003729994176,1.5647499160113512,0.22735012498742435,5.919350746989949,0.4188669990107883,16.004590750002535,True
sc_1000000x20000_d05,scipy_csc,current,pipeline,v2_stats_reuse,1000000,20000,987261022,0.0493630511,160000000000.0,7906088184.0,7941305544.0,9.0,408.0,40.0,0.0,macOS-26.6.2-arm64-arm-64bit,3.12.2,2026-09-19T11:17:25,,OK,True,True,2.02024145800533,8345583616.0,0.013393583001743536,,0.0010823750053532422,,4.147472958000435,,4.7705624170048395,,6.917378417005239,,15.89699437499803,13804683264.0,scipy_csr,1.4988010832439613e-15,PASS,,,0.021001249995606486,0.22955678900325438,3.1977072519948706,0.7037369580139057,0.43155837500671623,1.396955958007311,1.29098366600374,1.6509376269968925,0.22646033399360022,6.258938584018324,0.4319359570145025,0.021096249998663552,True
sc_1000000x20000_d05,scipy_csc,current,pipeline,v2_ws,1000000,20000,987261022,0.0493630511,160000000000.0,7906088184.0,7941305544.0,9.0,408.0,40.0,0.0,macOS-26.6.2-arm64-arm-64bit,3.12.2,2026-09-19T11:12:28,,OK,True,True,2.2237230419996195,8326201344.0,0.013290540999150835,,0.003555916999175679,,4.133959415994468,,4.622742916995776,,6.389934416998585,,31.180324084001768,11621154816.0,scipy_csr,1.4988010832439613e-15,PASS,1.8309128749533556,13.923951330012642,0.02295645800040802,0.23603308200108586,3.1576464580066386,0.7156026270022267,0.4209207090025302,1.3849715830001514,1.223933332010347,1.592792705996544,0.2229391270011547,5.738453333004145,0.42849570797989145,16.001307291997364,False
sc_1000000x20000_d05,scipy_csr,current,modules,,1000000,20000,987261022,0.0493630511,160000000000.0,7906088184.0,7953584568.0,9.0,408.0,40.0,0.0,macOS-26.6.2-arm64-arm-64bit,3.12.2,2026-09-18T20:05:15,,OK,,,3.715839167001832,8522416128.0,9.068938041000365,10491871232.0,4.390616417000274,10491871232.0,10.339524749997508,19515981824.0,13.799856290999742,20914454528.0,24.38795966699763,20155711488.0,62.01081091599917,20914454528.0,scipy_csr,0.0,reference,1.085179834986775,12.228959461004706,3.5675782920043275,1.4381477500028268,8.015635500996723,0.8482255820017599,1.6382235809942358,8.997250542000984,1.489439791006589,1.6539773760050593,1.4551491680067556,22.4672910410045,0.45211941600064165,,
sc_1000000x20000_d05,scipy_csr,current,pipeline,fastpaths,1000000,20000,987261022,0.0493630511,160000000000.0,7906088184.0,7953584568.0,9.0,408.0,40.0,0.0,macOS-26.6.2-arm64-arm-64bit,3.12.2,2026-09-19T00:26:34,,OK,True,False,2.339751832998445,8495169536.0,8.820186000000831,,4.263322916998732,,5.531145375000051,,6.7870612910010095,,8.817892208000558,,34.273161417000665,19918159872.0,scipy_csr,0.0,PASS,1.0181590790125483,11.906606781976734,3.438265708002291,1.3931848739957786,3.3105962089939567,0.8040207080048276,1.5907765009978903,2.134605372993974,1.4305584569992789,1.6303168349950283,1.395198875994538,6.9905275410055765,0.4321201239945367,,
sc_1000000x20000_d05,scipy_csr,current,pipeline,fastpaths_cache,1000000,20000,987261022,0.0493630511,160000000000.0,7906088184.0,7953584568.0,9.0,408.0,40.0,0.0,macOS-26.6.2-arm64-arm-64bit,3.12.2,2026-09-19T00:30:49,,OK,True,True,3.7273222080002597,8494563328.0,0.016729500002838904,,0.001149499999883119,,4.468814334002673,,5.831989624999551,,7.725416458000836,,30.487176124999678,20186431488.0,scipy_csr,0.0,PASS,0.7460213770173141,10.752596662998258,0.7990121669899963,0.2449272070043662,3.392586209010915,0.8118642089975765,0.447061543000018,2.2292332910037658,1.480985875990882,1.6746019149904896,0.23507700400296017,7.054377500000555,0.43591362500956166,12.401645916001144,
sc_1000000x20000_d05,scipy_csr,current,modules,fastpaths_modules,1000000,20000,987261022,0.0493630511,160000000000.0,7906088184.0,7953584568.0,9.0,408.0,40.0,0.0,macOS-26.6.2-arm64-arm-64bit,3.12.2,2026-09-19T00:34:25,,OK,True,False,3.6907575839977653,8471330816.0,9.004047667000123,10440605696.0,4.31676166699981,10440802304.0,5.615168208001705,16958898176.0,6.834284874999867,18401771520.0,8.519416166996962,16862593024.0,34.31685529199967,18401771520.0,scipy_csr,0.0,PASS,1.062082043972623,12.118329120999988,3.5021326250025595,1.413065501004894,3.3600310000001627,0.7985752919994411,1.6089021659900027,2.1568724579992704,1.4201823319999676,1.6377528749944759,1.4122038750065258,6.652422582006693,0.44593291799901635,,
sc_1000000x20000_d05,scipy_csr,current,pipeline,pipeline,1000000,20000,987261022,0.0493630511,160000000000.0,7906088184.0,7953584568.0,9.0,408.0,40.0,0.0,macOS-26.6.2-arm64-arm-64bit,3.12.2,2026-09-18T21:02:52,,OK,,,3.7251575410009536,8509636608.0,8.942827291000867,,4.315782375000708,,10.62059729199973,,13.816287125002418,,23.865809791001084,,61.622236999999586,23826022400.0,scipy_csr,0.0,PASS,1.039781337014574,12.064153548006288,3.78462275000129,1.4576275419931335,8.126160708008683,1.0143411659992125,1.6327027910010656,9.03595137499724,1.5495202919955773,1.5973230829949898,1.706197498995607,21.74712004099638,0.4124530009976297,,
sc_1000000x20000_d05,scipy_csr,current,pipeline,shared_cache,1000000,20000,987261022,0.0493630511,160000000000.0,7906088184.0,7953584568.0,9.0,408.0,40.0,0.0,macOS-26.6.2-arm64-arm-64bit,3.12.2,2026-09-18T21:25:59,,OK,,,2.4792581250003423,8496660480.0,0.012363625002763001,,0.001017457998386817,,8.778193166002893,,12.643319625000004,,22.021956959000818,,55.071901125000295,24106745856.0,scipy_csr,0.0,PASS,0.7217939560068771,9.983769284008304,0.7647608350089286,0.24983612300275126,7.586221959994873,0.9221928319966537,0.4639494599941827,8.836346876003518,1.4821247499930905,1.8607842919955146,0.22304483300467837,21.396578125004453,0.40229550000003655,11.570377291001932,
sc_1000000x20000_d05,scipy_csr,current,pipeline,v2,1000000,20000,987261022,0.0493630511,160000000000.0,7906088184.0,7953584568.0,9.0,408.0,40.0,0.0,macOS-26.6.2-arm64-arm-64bit,3.12.2,2026-09-19T11:08:35,,OK,True,True,3.7011309170047753,8495939584.0,0.015535041005932726,,0.001050374994520098,,4.163974374998361,,4.762875167005404,,6.633568541998102,,27.296232542001235,15442624512.0,scipy_csr,0.0,PASS,0.6554975051039946,10.18054237611068,0.7800736230055918,0.2410270410036901,3.1736456240032567,0.7246401669908664,0.43864299800770823,1.4062620000113384,1.3267485420001321,1.5911012910000863,0.22521574798884103,5.9772819580030045,0.4310190820033313,11.702117124994402,True
sc_1000000x20000_d05,scipy_csr,current,pipeline,v2_stats_build,1000000,20000,987261022,0.0493630511,160000000000.0,7906088184.0,7953584568.0,9.0,408.0,40.0,0.0,macOS-26.6.2-arm64-arm-64bit,3.12.2,2026-09-19T11:16:00,,OK,True,True,3.7359999170002993,8542109696.0,0.013119542003551032,,0.0011364170059096068,,4.212998125003651,,4.714061999999103,,6.518544041995483,,27.375816542000393,15487107072.0,scipy_csr,0.0,PASS,0.6847524529803195,10.316114714012656,0.7933889260166325,0.24008262599818408,3.208414583001286,0.7459782090081717,0.44719175100908615,1.4009178369888104,1.2640342910017353,1.601795292001043,0.2167525399927399,5.878860914999677,0.42288825298601296,11.892962249999982,True
sc_1000000x20000_d05,scipy_csr,current,pipeline,v2_stats_reuse,1000000,20000,987261022,0.0493630511,160000000000.0,7906088184.0,7953584568.0,9.0,408.0,40.0,0.0,macOS-26.6.2-arm64-arm-64bit,3.12.2,2026-09-19T11:16:32,,OK,True,True,2.567874041000323,8507572224.0,0.012997833000554238,,0.001084750001609791,,4.1918707079967135,,4.623390166998433,,6.452017707997584,,16.504910957999527,14445510656.0,scipy_csr,0.0,PASS,,,1.1917495419984334,0.24769725101214135,3.182591873999627,0.744896250005695,0.4287883760043769,1.3839210429941886,1.2276768760129926,1.5828889589975006,0.21417079499951797,5.81174249999458,0.4260630850112648,1.1979390829947079,True
sc_1000000x20000_d05,scipy_csr,current,pipeline,v2_ws,1000000,20000,987261022,0.0493630511,160000000000.0,7906088184.0,7953584568.0,9.0,408.0,40.0,0.0,macOS-26.6.2-arm64-arm-64bit,3.12.2,2026-09-19T11:11:57,,OK,True,True,3.4790043750035693,8461451264.0,0.013779667002381757,,0.001028250000672415,,4.2014833749999525,,4.671971625000879,,6.389755374999368,,27.893336332999752,11816992768.0,scipy_csr,0.0,PASS,0.794474039976194,10.859448293980677,0.7862025449576322,0.2402420830039773,3.208969333994901,0.7229406659898814,0.4295070419757394,1.3946445419933298,1.2361788319976768,1.6115059590010787,0.22805741700722137,5.727414082997711,0.43424075099028414,12.597178457996051,False
sc_1000000x20000_d05,zarr_csc,current,modules,,1000000,20000,987261022,0.0493630511,160000000000.0,7906088184.0,6399102208.0,9.0,408.0,40.0,0.0,macOS-26.6.2-arm64-arm-64bit,3.12.2,2026-09-18T20:11:01,,OK,,,1.1046529169980204,356057088.0,18.37917599999855,3375136768.0,8.451253208000708,3382902784.0,9.610523666997324,12643794944.0,12.510086999998748,14076739584.0,23.033293084001343,13281083392.0,72.01367041599951,14076739584.0,scipy_csr,1.4988010832439613e-15,PASS,10.222988162069669,16.239265205967968,1.396330626004783,0.6975057919989922,8.062520835002942,0.8089873339959013,0.9218548729950271,8.564489334010432,1.3657208359945798,1.6473787499999162,0.7361772910007858,21.845167416999175,0.4424072080073529,,
sc_1000000x20000_d05,zarr_csc,current,pipeline,fastpaths,1000000,20000,987261022,0.0493630511,160000000000.0,7906088184.0,6399102208.0,9.0,408.0,40.0,0.0,macOS-26.6.2-arm64-arm-64bit,3.12.2,2026-09-19T00:30:02,,OK,True,False,1.1004796249981155,364806144.0,17.656579541999236,,8.208271750001586,,4.933241667000402,,6.0144650000002,,7.7285312920030265,,44.591045542001666,13156990976.0,scipy_csr,1.4988010832439613e-15,PASS,9.7392563839785,15.81355217498276,1.3700850819986954,0.7129543729970464,3.4009858740027994,0.7978427480011305,0.9239033739977458,2.107959374996426,1.3647299990007014,1.6170644600060768,0.6986563319987908,6.604040043006535,0.4257882920028351,,
sc_1000000x20000_d05,zarr_csc,current,pipeline,fastpaths_cache,1000000,20000,987261022,0.0493630511,160000000000.0,7906088184.0,6399102208.0,9.0,408.0,40.0,0.0,macOS-26.6.2-arm64-arm-64bit,3.12.2,2026-09-19T00:33:44,,OK,True,True,1.1011815000019851,364003328.0,0.015079249998962041,,0.0013039580007898621,,4.500668749999022,,5.603008165999199,,7.344255708001583,,39.458808708001015,12855099392.0,scipy_csr,1.4988010832439613e-15,PASS,6.757578211010696,14.506992748996709,0.4565750840010878,0.24658133400589577,3.430121876001067,0.8021442079952976,0.45001925200631376,2.1435939160001,1.3838160009981948,1.6254660410049837,0.24432324999725097,6.655976497993834,0.4439057069939736,21.94414550000147,
sc_1000000x20000_d05,zarr_csc,current,modules,fastpaths_modules,1000000,20000,987261022,0.0493630511,160000000000.0,7906088184.0,6399102208.0,9.0,408.0,40.0,0.0,macOS-26.6.2-arm64-arm-64bit,3.12.2,2026-09-19T00:37:56,,OK,True,False,1.115166916999442,357761024.0,17.814674792000005,3363979264.0,8.252624667002237,3388719104.0,5.021004709000408,10438098944.0,6.075907333997748,11725668352.0,7.870971875003306,10202939392.0,45.0684817500005,11725668352.0,scipy_csr,1.4988010832439613e-15,PASS,9.849826591020246,15.898866119994636,1.3640569179951854,0.6853563759941608,3.4834728780006117,0.8039098329973058,0.9126244580002094,2.127601958000014,1.3797120829949563,1.6425879179987533,0.7344530830014264,6.677194375995896,0.44604162499308586,,
sc_1000000x20000_d05,zarr_csc,current,pipeline,pipeline,1000000,20000,987261022,0.0493630511,160000000000.0,7906088184.0,6399102208.0,9.0,408.0,40.0,0.0,macOS-26.6.2-arm64-arm-64bit,3.12.2,2026-09-19T00:18:09,,OK,,,1.094148916999984,354025472.0,18.276005832998635,,8.56891829199958,,9.348733167000319,,12.468567082996742,,22.61859650000042,,71.32938374999867,17039065088.0,scipy_csr,1.4988010832439613e-15,PASS,9.801472076032951,16.69358129401735,1.351306291999208,0.7070182089955779,7.844412541991915,0.780006875993422,0.9158036259977962,8.564995668002666,1.365733333001117,1.6212318370053254,0.677581457002816,21.49690745800399,0.4440650859978632,,
sc_1000000x20000_d05,zarr_csc,current,pipeline,shared_cache,1000000,20000,987261022,0.0493630511,160000000000.0,7906088184.0,6399102208.0,9.0,408.0,40.0,0.0,macOS-26.6.2-arm64-arm-64bit,3.12.2,2026-09-19T00:19:22,,OK,,,1.104860916002508,353189888.0,0.014138958002149593,,0.0011133329971926287,,8.85086075000072,,11.963219375000335,,22.12797195800158,,63.94983075000346,16734781440.0,scipy_csr,1.4988010832439613e-15,PASS,6.328788164992147,13.936396747991239,0.46021337500133086,0.2471717480038933,7.806708373002039,0.7797900850018777,0.4364124159947096,8.54212420899421,1.349949875002494,1.6346297900017817,0.23303408299398143,21.454293418006273,0.44060404199990444,20.952258458997676,
sc_1000000x20000_d05,zarr_csc,,prototype,stats_sidecar,1000000,20000,987261022,0.0493630511,,,,,,,,,,,,OK,,,,,,,,,,,,,,,17.74891316600042,11738202112.0,,,PASS,,,0.48682766699857893,0.7479494170001999,3.4662915839980997,0.7706541660008952,0.43460737600616994,2.1084622490125184,1.3647709149990987,1.6190622499998426,0.2267443729979277,6.5029572489947896,0.4392923330015037,,
sc_1000000x20000_d05,zarr_csc,current,pipeline,v2,1000000,20000,987261022,0.0493630511,160000000000.0,7906088184.0,6399102208.0,9.0,408.0,40.0,0.0,macOS-26.6.2-arm64-arm-64bit,3.12.2,2026-09-19T11:11:19,,OK,True,True,1.0827806249944842,368328704.0,0.012669666997680906,,0.0012101250031264499,,4.181224332998681,,4.57882687500387,,6.30432429099892,,36.165770624997094,7859060736.0,scipy_csr,1.4988010832439613e-15,PASS,6.735790665967215,13.701932503019634,0.44005491699499544,0.24178924800798995,3.222384956010501,0.6966765830075019,0.4154883720111684,1.3682054560049437,1.220179581992852,1.5748324999949546,0.21310887400613865,5.660453000004054,0.4307169580133632,21.07448700000532,True
sc_1000000x20000_d05,zarr_csc,current,pipeline,v2_stats_build,1000000,20000,987261022,0.0493630511,160000000000.0,7906088184.0,6399102208.0,9.0,408.0,40.0,0.0,macOS-26.6.2-arm64-arm-64bit,3.12.2,2026-09-19T11:20:20,,OK,True,True,1.0701334999976098,355467264.0,0.012958416999026667,,0.0011416249981266446,,4.305704167003569,,4.617906375002349,,6.338020125003823,,36.64630700000271,8009383936.0,scipy_csr,1.4988010832439613e-15,PASS,6.8438323410227895,13.81330133301526,0.45171320800000103,0.2502130840002792,3.318511874989781,0.7104600839957129,0.417554208994261,1.378550167020876,1.2209694589982973,1.6006066650006687,0.21576478999486426,5.694235790993844,0.4279762500009383,21.33953470800043,True
sc_1000000x20000_d05,zarr_csc,current,pipeline,v2_stats_reuse,1000000,20000,987261022,0.0493630511,160000000000.0,7906088184.0,6399102208.0,9.0,408.0,40.0,0.0,macOS-26.6.2-arm64-arm-64bit,3.12.2,2026-09-19T11:20:58,,OK,True,True,1.0843564169990714,365051904.0,0.01803387499967357,,0.0011445830023149028,,4.425337916996796,,4.607134249999945,,6.3281007499972475,,15.880089583006338,6758301696.0,scipy_csr,1.4988010832439613e-15,PASS,,,0.463671458994213,0.272948540005018,3.4169136230120785,0.7121690410203882,0.4207307079996099,1.3775541680006427,1.2050216240022564,1.6037129149990506,0.2113105419994099,5.682544001996575,0.43420254199008923,0.4637726250002743,True
sc_1000000x20000_d05,zarr_csc,current,pipeline,v2_ws,1000000,20000,987261022,0.0493630511,160000000000.0,7906088184.0,6399102208.0,9.0,408.0,40.0,0.0,macOS-26.6.2-arm64-arm-64bit,3.12.2,2026-09-19T11:14:42,,OK,True,True,1.077412499995262,322748416.0,0.014239207994251046,,0.0011299160032649525,,4.3802713329932885,,4.688560000002326,,6.452094959000533,,37.10874241699639,4333174784.0,scipy_csr,1.4988010832439613e-15,PASS,6.962486290940433,13.918604585036519,0.4625707910017809,0.2635980010163621,3.35728100000415,0.7309140820070752,0.4412916670044069,1.378429207004956,1.253986915005953,1.6147265010076808,0.22893787499924656,5.786517794993415,0.43659304099855945,21.551789208999253,False
sc_1000000x20000_d05,zarr_csc+dask,current,modules,,1000000,20000,987261022,0.0493630511,160000000000.0,7906088184.0,6399102208.0,9.0,408.0,40.0,0.0,macOS-26.6.2-arm64-arm-64bit,3.12.2,2026-09-19T08:55:43,,OK,False,False,1.1486900829986553,384450560.0,17.999919957997918,8675295232.0,8.327221167004609,8691007488.0,11.846876083000097,13762314240.0,15.164230833004694,13641924608.0,25.520229125002516,11417354240.0,78.89175104199967,13797769216.0,scipy_csr,1.4988010832439613e-15,PASS,10.261689626007865,15.837133629021992,8.47379791700223,3.0481752099949517,7.877722751007241,0.8653959169896552,3.284112915986043,8.726905334013281,1.4674857069840073,1.6706017079923186,3.078720166995481,21.976452249982685,0.45178750199556816,,
sc_1000000x20000_d05,zarr_csc_g10,current,modules,,1000000,20000,987261022,0.0493630511,160000000000.0,7906088184.0,6398136840.0,9.0,408.0,40.0,0.0,macOS-26.6.2-arm64-arm-64bit,3.12.2,2026-09-18T20:43:48,,OK,,,1.1083717920009803,360644608.0,17.401658667000447,3388899328.0,7.97327141599817,3401940992.0,9.48561845900258,12751011840.0,12.763263791999634,14528741376.0,22.896426541999972,13768278016.0,70.5536423329977,14528741376.0,scipy_csr,1.4988010832439613e-15,PASS,9.344707249980274,15.72263173799729,1.385240873998555,0.7293119160021888,7.912656584005163,0.798243541001284,0.920472374997189,8.781287080997572,1.400132623999525,1.6459952920049545,0.7333385009987978,21.704745581995667,0.4437205399990489,,
sc_1000000x20000_d05,zarr_csc_g100,current,modules,,1000000,20000,987261022,0.0493630511,160000000000.0,7906088184.0,6388976351.0,9.0,408.0,40.0,0.0,macOS-26.6.2-arm64-arm-64bit,3.12.2,2026-09-18T20:45:00,,OK,,,1.0989733329988667,356139008.0,19.13293154100029,3241312256.0,9.014482082999166,3241410560.0,9.65052149999974,11422449664.0,12.70697283300251,11763630080.0,22.874410332999105,10660528128.0,73.40545183300128,11763630080.0,scipy_csr,1.4988010832439613e-15,PASS,11.73851092100449,16.069185949963867,2.1647104990006483,0.9533144589913718,7.8768109580050805,0.7778297500044573,1.16792741800964,8.533721083000273,1.354318793004495,1.6402375410034438,0.9773943759937538,21.428994086003513,0.4582434989933972,,
sc_1000000x20000_d05,zarr_csc_g1000,current,modules,,1000000,20000,987261022,0.0493630511,160000000000.0,7906088184.0,6387797934.0,9.0,408.0,40.0,0.0,macOS-26.6.2-arm64-arm-64bit,3.12.2,2026-09-18T20:46:15,,OK,,,1.1240447919990402,366002176.0,47.86847379200117,3289448448.0,23.269848333999107,3289513984.0,9.647576167000807,12075270144.0,12.75280712500171,13215039488.0,23.018642667000677,12921831424.0,116.58538783400218,13215039488.0,scipy_csr,1.4988010832439613e-15,PASS,54.90421963500921,15.909861503041611,2.3055091669994,0.9994488350021129,7.818789122989983,0.7832887090044096,1.23406870499457,8.521204416996625,1.3600700429997232,1.6240243760003068,0.9923836259949894,21.57098949799547,0.4418104159994982,,
sc_1000000x20000_d05,zarr_csc_raw,current,modules,,1000000,20000,987261022,0.0493630511,160000000000.0,7906088184.0,7898747398.0,9.0,408.0,40.0,0.0,macOS-26.6.2-arm64-arm-64bit,3.12.2,2026-09-18T20:49:23,,OK,,,1.1293504999994184,365920256.0,16.06579229199997,3264856064.0,7.32260291700004,3267018752.0,9.376520666999568,12494897152.0,12.421921834000386,14262206464.0,22.72692379200089,13592674304.0,67.94303824999952,14262206464.0,scipy_csr,1.4988010832439613e-15,PASS,7.3752456750007696,15.705808131984668,1.1598446239986515,0.6295073340043018,7.904714708998654,0.7949168759951135,0.8392588330025319,8.58066687499013,1.3736224169988418,1.6162352089995693,0.6585212079990015,21.609721917011484,0.4473507520087878,,
sc_1000000x20000_d05,zarr_csr,current,modules,,1000000,20000,987261022,0.0493630511,160000000000.0,7906088184.0,4992587708.0,9.0,408.0,40.0,0.0,macOS-26.6.2-arm64-arm-64bit,3.12.2,2026-09-18T20:09:44,,OK,,,1.1122122079977999,362610688.0,14.452424667000741,2848112640.0,6.978929875000176,2867068928.0,12.546033333001105,11848679424.0,15.679754207998485,13279264768.0,26.277449834000436,12538904576.0,75.95777283300049,13279264768.0,scipy_csr,0.0,PASS,8.394546786003048,12.823553999998694,10.560145875995659,3.770425875005458,7.9537003340010415,0.7829725819938176,3.9513127079990227,8.685438458996941,1.368561208997562,1.6641520839984878,3.767467707002652,22.046568460002163,0.4538472480016935,,
sc_1000000x20000_d05,zarr_csr,current,pipeline,fastpaths,1000000,20000,987261022,0.0493630511,160000000000.0,7906088184.0,4992587708.0,9.0,408.0,40.0,0.0,macOS-26.6.2-arm64-arm-64bit,3.12.2,2026-09-19T00:29:13,,OK,True,False,1.0804171660020074,357023744.0,13.980735124998318,,6.683221041999786,,7.7643896250010584,,9.005537291999644,,10.658152625001094,,48.132653917000425,12285378560.0,scipy_csr,0.0,PASS,8.208053076010401,12.264130078048765,10.30464354099604,3.6519739999966987,3.3197651660047995,0.7753168749914039,3.8994557920050283,2.1220526229953975,1.353919750003115,1.6293056659924332,3.6571909159974894,6.563684082004329,0.4372256659989944,,
sc_1000000x20000_d05,zarr_csr,current,pipeline,fastpaths_cache,1000000,20000,987261022,0.0493630511,160000000000.0,7906088184.0,4992587708.0,9.0,408.0,40.0,0.0,macOS-26.6.2-arm64-arm-64bit,3.12.2,2026-09-19T00:33:09,,OK,True,True,1.0764343330010888,365133824.0,0.013297999998030718,,0.0011726659977284726,,4.352166874999966,,5.526715249998233,,7.201305832997605,,34.17274216599981,12484067328.0,scipy_csr,0.0,PASS,5.547277677000238,10.580518629983999,0.7925463319770643,0.23856579298808356,3.321955123996304,0.7746976660055225,0.42730254400521517,2.1043851660033397,1.3630578739939665,1.631868291995488,0.2299511670062202,6.53472674900695,0.43658070899982704,17.037983457998052,
sc_1000000x20000_d05,zarr_csr,current,modules,fastpaths_modules,1000000,20000,987261022,0.0493630511,160000000000.0,7906088184.0,4992587708.0,9.0,408.0,40.0,0.0,macOS-26.6.2-arm64-arm-64bit,3.12.2,2026-09-19T00:37:06,,OK,True,False,1.0924210829980439,364478464.0,13.916142791000311,2853076992.0,6.699256042000343,2865070080.0,7.881219374998182,9314025472.0,9.02860129200053,10755063808.0,10.666957290999562,9186836480.0,48.215797290999035,10755096576.0,scipy_csr,0.0,PASS,8.165126667026925,12.258017043011932,10.2799686249964,3.688806542995735,3.374193167001067,0.780706374993315,3.8731998750045022,2.118476790998102,1.373660834000475,1.6522926239958906,3.6497675420032465,6.559843835002539,0.4470349140028702,,
sc_1000000x20000_d05,zarr_csr,current,pipeline,pipeline,1000000,20000,987261022,0.0493630511,160000000000.0,7906088184.0,4992587708.0,9.0,408.0,40.0,0.0,macOS-26.6.2-arm64-arm-64bit,3.12.2,2026-09-19T00:15:53,,OK,,,1.0701489580023917,364986368.0,13.865005707997625,,6.678432374999829,,12.097012917001848,,15.340509457997541,,25.41246712499924,,73.43947862499772,16166502400.0,scipy_csr,0.0,PASS,8.103488584027218,12.256115872991359,10.091942333994666,3.5889177920071234,7.720414247996814,0.7713512070040451,3.8570519969907764,8.508657541999128,1.370142333995318,1.6038467940015835,3.5602864979955484,21.42631187400184,0.42582479199336376,,
sc_1000000x20000_d05,zarr_csr,current,pipeline,shared_cache,1000000,20000,987261022,0.0493630511,160000000000.0,7906088184.0,4992587708.0,9.0,408.0,40.0,0.0,macOS-26.6.2-arm64-arm-64bit,3.12.2,2026-09-19T00:17:08,,OK,,,1.0984711659984896,359153664.0,0.013229542000772199,,0.0014057080006750766,,8.805124832997535,,11.756982582999626,,22.249914542000624,,59.68621429199993,16417865728.0,scipy_csr,0.0,PASS,5.195794574996398,10.726705998007674,0.7802053749983315,0.23493024899653392,7.745812417000707,0.8073140429987689,0.4214769579921267,8.363950747996569,1.362342707998323,1.6091050430040923,0.23177866799960611,21.58314537300248,0.43494824900699314,16.82156104200112,
sc_1000000x20000_d05,zarr_csr,,prototype,stats_sidecar,1000000,20000,987261022,0.0493630511,,,,,,,,,,,,OK,,,,,,,,,,,,,,,20.728934624999965,11837014016.0,,,PASS,,,3.6166881249992002,3.855611583996506,3.3340211260001524,0.7699499169902992,0.4203477900045982,2.111231916001998,1.369861414994375,1.6354398330040567,0.22045070900276187,6.5097349579991715,0.4308028329978697,,
sc_1000000x20000_d05,zarr_csr,current,pipeline,v2,1000000,20000,987261022,0.0493630511,160000000000.0,7906088184.0,4992587708.0,9.0,408.0,40.0,0.0,macOS-26.6.2-arm64-arm-64bit,3.12.2,2026-09-19T11:10:45,,OK,True,True,1.079445791998296,355975168.0,0.013286917004734278,,0.0011029590023099445,,4.200115499996173,,4.607288166997023,,6.3169987090004724,,32.36393199999293,7723565056.0,scipy_csr,0.0,PASS,5.515227668038278,10.784946712985402,0.7912183309963439,0.24311820800357964,3.2430162510063383,0.6967248750006547,0.4131328329895041,1.3855601679970277,1.2129422909929417,1.595527833000233,0.20945187499455642,5.676161583003704,0.4313436649972573,17.212764625001,True
sc_1000000x20000_d05,zarr_csr,current,pipeline,v2_stats_build,1000000,20000,987261022,0.0493630511,160000000000.0,7906088184.0,4992587708.0,9.0,408.0,40.0,0.0,macOS-26.6.2-arm64-arm-64bit,3.12.2,2026-09-19T11:19:26,,OK,True,True,1.083053916998324,359645184.0,0.014742707993718795,,0.001123417001508642,,4.220952583003964,,4.6391103330024634,,6.312988165998831,,32.19143983400136,7730511872.0,scipy_csr,0.0,PASS,5.433402920039953,10.62789409297693,0.7947837489628,0.24107262700272258,3.251266792001843,0.7101282089934102,0.41760449801950017,1.3945234559942037,1.2158264989921008,1.6110321680098423,0.21152733299823012,5.669359250990965,0.4320552480057813,16.97681037500297,True
sc_1000000x20000_d05,zarr_csr,current,pipeline,v2_stats_reuse,1000000,20000,987261022,0.0493630511,160000000000.0,7906088184.0,4992587708.0,9.0,408.0,40.0,0.0,macOS-26.6.2-arm64-arm-64bit,3.12.2,2026-09-19T11:20:00,,OK,True,True,1.1054008749997593,359137280.0,0.013905542000429705,,0.0011005829946952872,,4.211443250002048,,4.585551916003169,,6.316848250004114,,18.49483233299543,7070105600.0,scipy_csr,0.0,PASS,,,3.3289650000006077,0.23985649701353395,3.260953664997942,0.6933366680023028,0.41915633399185026,1.3657463780109538,1.2032365010018111,1.5972953750024317,0.2087031680130167,5.670878668010118,0.43721971100603696,3.334264292003354,True
sc_1000000x20000_d05,zarr_csr,current,pipeline,v2_ws,1000000,20000,987261022,0.0493630511,160000000000.0,7906088184.0,4992587708.0,9.0,408.0,40.0,0.0,macOS-26.6.2-arm64-arm-64bit,3.12.2,2026-09-19T11:14:08,,OK,True,True,1.0728860840026755,326139904.0,0.015273457996954676,,0.001129499993112404,,4.212918791999982,,4.627689334003662,,6.334803124998871,,32.36945875000674,3782049792.0,scipy_csr,0.0,PASS,5.620511203989736,10.651149623969104,0.7904317079737666,0.24161750000348547,3.2490070830026525,0.7020502889863565,0.41523495899309637,1.383255998021923,1.2194632530154195,1.6096033329959027,0.2123144999932265,5.691189748999022,0.43125624900858384,17.164030084000842,False
sc_1000000x20000_d05,zarr_csr+dask,current,modules,,1000000,20000,987261022,0.0493630511,160000000000.0,7906088184.0,4992587708.0,9.0,408.0,40.0,0.0,macOS-26.6.2-arm64-arm-64bit,3.12.2,2026-09-19T08:53:54,,OK,False,False,1.1297553749973304,366739456.0,25.669795166002586,774209536.0,12.960673957997642,803274752.0,16.961798917000124,10552049664.0,20.643345874996157,11981340672.0,30.84650249999686,11185438720.0,107.10916724999697,11981340672.0,scipy_csr,2.220446049250313e-16,PASS,24.83689313798095,13.225781593209831,25.291309791995445,8.228012126004614,7.916637248985353,0.7757055839902023,9.099508499006333,8.550200166995637,1.3655873339957907,1.6177971640208852,8.922654042013164,21.47358408501168,0.44133037599385716,,
sc_1000000x20000_d05,zarr_csr_c10k,current,modules,,1000000,20000,987261022,0.0493630511,160000000000.0,7906088184.0,4945819724.0,9.0,408.0,40.0,0.0,macOS-26.6.2-arm64-arm-64bit,3.12.2,2026-09-18T20:39:27,,OK,,,1.0981866660004016,351371264.0,18.64575354200133,2929328128.0,9.052072833997954,2929655808.0,14.817406790996756,11563515904.0,17.867590833000577,13005258752.0,28.103265292000287,12257132544.0,88.50981887499802,13005258752.0,scipy_csr,0.0,PASS,15.302787083008297,12.231861877025949,17.52340220900078,6.0834469180044835,7.917173832000117,0.7783474169991678,6.266720499006624,8.60206083500816,1.349781544005964,1.6369950839980447,6.094850334000512,21.553027416994155,0.44533833399327705,,
sc_1000000x20000_d05,zarr_csr_c1k,current,modules,,1000000,20000,987261022,0.0493630511,160000000000.0,7906088184.0,4956475753.0,9.0,408.0,40.0,0.0,macOS-26.6.2-arm64-arm-64bit,3.12.2,2026-09-18T20:38:14,,OK,,,1.0980079580003803,356270080.0,13.296706916000403,2876375040.0,6.415427249998174,2887499776.0,12.105690958000196,11917344768.0,15.145871625001746,13323698176.0,25.536322042000393,12584910848.0,72.52410866700302,13323698176.0,scipy_csr,0.0,PASS,7.427614161024394,12.154201666002336,9.535041040999204,3.399582290006947,7.891107958999783,0.7756974590010941,3.6097862080023333,8.529642582001543,1.3518279999989318,1.644133541991323,3.4480470849957783,21.631256249002035,0.4476970009964134,,
sc_1000000x20000_d05,zarr_csr_c50k,current,modules,,1000000,20000,987261022,0.0493630511,160000000000.0,7906088184.0,4944897327.0,9.0,408.0,40.0,0.0,macOS-26.6.2-arm64-arm-64bit,3.12.2,2026-09-18T20:40:57,,OK,,,1.1104606250009965,364232704.0,45.79830341599882,2584936448.0,22.65250612499949,2584969216.0,28.374432041000546,11341594624.0,31.402859458998137,12767821824.0,41.61747308299891,12008112128.0,169.870295292003,12767821824.0,scipy_csr,0.0,PASS,56.219433792979544,12.088371627021843,58.41370299900154,19.704173959999025,7.848362917000486,0.7827947920050065,19.85923170800379,8.553921123999316,1.3499296660011169,1.6271877080071135,19.751383209993946,21.423155458996916,0.43231924900464946,,
sc_1000000x20000_d05,zarr_csr_c50k,current,modules,aligned,1000000,20000,987261022,0.0493630511,160000000000.0,7906088184.0,4944897327.0,9.0,408.0,40.0,100000000.0,macOS-26.6.2-arm64-arm-64bit,3.12.2,2026-09-19T00:38:42,,OK,False,False,1.0971706660020573,356270080.0,16.848695249998855,10265034752.0,8.16387108300114,7903870976.0,14.07794450000074,12375310336.0,17.196521792000567,12977242112.0,27.38798704200235,12257673216.0,83.70043120799892,12977242112.0,scipy_csr,1.1102230246251565e-16,PASS,13.195082497997646,11.671542378004233,15.503872834000504,5.3882401660011965,7.859872706991155,0.7791499579980155,5.632626209000591,8.546187039002689,1.365221123000083,1.640477083998121,5.39904391500022,21.53693249999924,0.4416302099925815,,
sc_1000000x20000_d05,zarr_csr_raw,current,modules,,1000000,20000,987261022,0.0493630511,160000000000.0,7906088184.0,7902667646.0,9.0,408.0,40.0,0.0,macOS-26.6.2-arm64-arm-64bit,3.12.2,2026-09-18T20:48:13,,OK,,,1.116734457998973,359137280.0,12.381768417002604,2803449856.0,5.825100707999809,2818916352.0,11.567910958001448,11836129280.0,14.558854750001046,13220184064.0,24.700018625000666,12472369152.0,69.057539292,13220184064.0,scipy_csr,0.0,PASS,5.94716095799231,12.079976005010394,7.855566292000731,2.888455415992212,7.8603212109992455,0.7802184169995598,3.0197723740020592,8.546260667997558,1.347617250001349,1.6332299160058028,2.8602033749994007,21.391388124004152,0.4380446680042951,,
sc_1000000x20000_d10,dense,reference,modules,,1000000,20000,1949183545,0.09745917725,160000000000.0,15601468368.0,15658610784.0,9.0,408.0,40.0,0.0,macOS-26.6.2-arm64-arm-64bit,3.12.2,2026-09-18T20:25:34,580000000000.0,OOM_EXPECTED,,,,,,,,,,,,,,,,,,,,,,,,,,,,,,,,,,
sc_1000000x20000_d10,h5ad_csc,current,modules,,1000000,20000,1949183545,0.09745917725,160000000000.0,15601468368.0,15638033424.0,9.0,408.0,40.0,0.0,macOS-26.6.2-arm64-arm-64bit,3.12.2,2026-09-18T20:30:22,,OK,,,1.2909679170006712,393052160.0,28.69626941700335,4617928704.0,13.148245832999237,4623548416.0,11.567592540999613,13689307136.0,13.712658166001347,15152349184.0,25.91084629100078,14258962432.0,93.06179304200123,15152349184.0,scipy_csr,1.1102230246251565e-15,PASS,10.595614375990408,30.579813251039013,0.39645058300448,0.4187643730037962,10.307208793998143,0.7988913309964119,0.619721209994168,9.920375666999462,1.3852490839963139,1.7757377499983704,0.4147135420025734,24.955799457002286,0.5299378769959731,,
sc_1000000x20000_d10,h5ad_csr,current,modules,,1000000,20000,1949183545,0.09745917725,160000000000.0,15601468368.0,15658610784.0,9.0,408.0,40.0,0.0,macOS-26.6.2-arm64-arm-64bit,3.12.2,2026-09-18T20:28:38,,OK,,,1.5181647499994142,391806976.0,26.251624084001378,3567058944.0,11.220210915998905,3576414208.0,16.009980374998122,13231505408.0,18.190954208999756,14697250816.0,30.427795209001488,13945094144.0,102.12447350000002,14697250816.0,scipy_csr,0.0,PASS,12.302283498993347,24.868333786023868,13.739058584000304,4.866796789996442,10.327279500001168,0.7787468330025149,5.087073248996603,9.954660544000944,1.3654641250032,1.7713587089965586,4.881329832998745,25.011156126005517,0.5244046249899839,,
sc_1000000x20000_d10,scipy_csc,current,modules,,1000000,20000,1949183545,0.09745917725,160000000000.0,15601468368.0,15638033424.0,9.0,408.0,40.0,0.0,macOS-26.6.2-arm64-arm-64bit,3.12.2,2026-09-18T20:27:05,,OK,,,3.238203707998764,16070066176.0,24.625764499996876,19770785792.0,11.357284792000428,19770785792.0,11.913297084000078,27958460416.0,14.550140166000347,29414195200.0,26.749948707998556,28735225856.0,89.22905416700087,29414195200.0,scipy_csr,1.1102230246251565e-15,PASS,5.030268129994511,30.244563424999797,0.12694824999562115,0.4064233329954732,10.41376695800136,1.0230324580006709,0.6721182920045976,10.54152366600465,1.5114669580034388,1.8091897920057818,0.35554620899711153,25.84778866600027,0.5314002920022176,,
sc_1000000x20000_d10,scipy_csr,current,modules,,1000000,20000,1949183545,0.09745917725,160000000000.0,15601468368.0,15658610784.0,9.0,408.0,40.0,0.0,macOS-26.6.2-arm64-arm-64bit,3.12.2,2026-09-18T20:25:34,,OK,,,6.231211708000046,16319594496.0,17.58208212500176,19094863872.0,8.636732582999684,19094929408.0,14.12711862499782,28752494592.0,15.998720958999911,30161387520.0,27.97413066700028,29377413120.0,84.35045849999733,30161387520.0,scipy_csr,0.0,reference,2.0135397880439996,23.932784498021647,6.745720959002938,2.653170373003377,10.426073582002573,0.9874077499989653,2.7718700430050376,10.059660999999323,1.412212750998151,1.7352841249958146,2.516180833990802,24.94120220699915,0.5040513740023016,,
sc_1000000x20000_d10,zarr_csc,current,modules,,1000000,20000,1949183545,0.09745917725,160000000000.0,15601468368.0,12521565426.0,9.0,408.0,40.0,0.0,macOS-26.6.2-arm64-arm-64bit,3.12.2,2026-09-18T20:33:52,,OK,,,1.1250070839996624,365346816.0,35.04771362500105,4680220672.0,16.43769141699886,4698963968.0,12.22615237500213,14596358144.0,14.750683209000272,16361177088.0,27.056867249997595,15370633216.0,105.55139520800003,16361177088.0,scipy_csr,1.1102230246251565e-15,PASS,20.098673570952087,30.736117617001582,2.2369689170009224,1.0386539589962922,10.34258137499637,0.8024483759982104,1.2751156680023996,10.23762170900227,1.4464134179979737,1.7734025430036127,1.0732689150027,25.445007750000514,0.5254860420027399,,
sc_1000000x20000_d10,zarr_csr,current,modules,,1000000,20000,1949183545,0.09745917725,160000000000.0,15601468368.0,9628182842.0,9.0,408.0,40.0,0.0,macOS-26.6.2-arm64-arm-64bit,3.12.2,2026-09-18T20:31:56,,OK,,,1.1119264169974485,365854720.0,28.087270083000476,3563962368.0,13.950038790997496,3606708224.0,18.61058933300228,13270859776.0,20.627170583000407,14705229824.0,33.03471887499836,13709606912.0,114.3391620830007,14705229824.0,scipy_csr,0.0,PASS,16.420658705006645,25.2943088910215,20.567578167003376,7.215019580995431,10.564707167006418,0.7908879590031574,7.342298458006553,10.088032625997585,1.4004465830003028,1.784877669007983,7.165423250007734,25.332890251997014,0.5263442510004097,,
real_covid_lung_116k,dense,reference,modules,,116313,33523,108121969,0.02772954934320341,31193285592.0,865906264.0,875745208.0,9.0,270.0,40.0,0.0,macOS-26.6.2-arm64-arm-64bit,3.12.2,2026-09-19T00:44:16,113075660271.0,OOM_EXPECTED,,,,,,,,,,,,,,,,,,,,,,,,,,,,,,,,,,
real_covid_lung_116k,h5ad_csc,current,modules,,116313,33523,108121969,0.02772954934320341,31193285592.0,865906264.0,875319336.0,9.0,270.0,40.0,0.0,macOS-26.6.2-arm64-arm-64bit,3.12.2,2026-09-19T00:44:33,,OK,False,False,0.9496347499989497,251199488.0,1.655373249999684,2431188992.0,0.7469744590016489,2432106496.0,0.5049751670012483,2691891200.0,0.7023496670008171,2736685056.0,1.053157000002102,2761441280.0,4.665758333998383,2761441280.0,scipy_csr,2.220446049250313e-16,PASS,0.5634583760074747,1.7886654610229016,0.017853458997706184,0.022536042997671757,0.40701187599552213,0.0697244170041813,0.03237649899892858,0.4469408340009977,0.115218791001098,0.10681375000058324,0.020889999002974946,0.9941869569993287,0.03771058199708932,,
real_covid_lung_116k,h5ad_csc,current,pipeline,fastpaths_cache,116313,33523,108121969,0.02772954934320341,31193285592.0,865906264.0,875319336.0,9.0,270.0,40.0,0.0,macOS-26.6.2-arm64-arm-64bit,3.12.2,2026-09-19T00:45:30,,OK,True,True,0.9793134999999893,255213568.0,0.018237749998661457,,0.0010441250014991965,,0.2022595829985221,,0.3478441670013126,,0.3533944170012546,,2.877635791999637,2856747008.0,scipy_csr,2.220446049250313e-16,PASS,0.3738383750060166,1.5543555000076594,0.005924500001128763,0.015518416996201267,0.11622233399612014,0.06716708398380433,0.024636334001115756,0.10988741800247226,0.10545012399597908,0.1077985819974856,0.01004895900041447,0.3058217059915478,0.037499584006582154,1.9516382920010074,
real_covid_lung_116k,h5ad_csc,current,pipeline,v2,116313,33523,108121969,0.02772954934320341,31193285592.0,865906264.0,875319336.0,9.0,270.0,40.0,0.0,macOS-26.6.2-arm64-arm-64bit,3.12.2,2026-09-19T11:27:56,,OK,True,True,0.9578235419976409,254214144.0,0.01803608400223311,,0.0010361660024500452,,0.19288724999933038,,0.30477583299943944,,0.3262758750061039,,2.8592380420013797,2739945472.0,scipy_csr,2.220446049250313e-16,PASS,0.3998462509844103,1.5810808339956566,0.006618915998842567,0.015185454009042587,0.10983800100075314,0.06440962598571787,0.024805667009786703,0.0721874609880615,0.10360421000950737,0.10411283299617935,0.0114934989833273,0.27700591700704535,0.037753582997538615,2.0139045830001123,True
real_covid_lung_116k,h5ad_csr,current,modules,,116313,33523,108121969,0.02772954934320341,31193285592.0,865906264.0,875745208.0,9.0,270.0,40.0,0.0,macOS-26.6.2-arm64-arm-64bit,3.12.2,2026-09-19T00:44:27,,OK,False,False,0.9554333749983925,253542400.0,1.2243002079994767,2091384832.0,0.5827850000023318,2091843584.0,0.7389316669978143,2444328960.0,0.9081642919991282,2515206144.0,1.2611264589977509,2530312192.0,4.717987750002067,2530312192.0,scipy_csr,0.0,PASS,0.3994685410107195,1.3701115010007925,0.6257885830018495,0.22330095599318156,0.43869600100515527,0.07170495800164645,0.2344122479989892,0.45153445699543227,0.11392816699662944,0.107173750999209,0.22205324900278356,1.0007445419978467,0.03793920900352532,,
real_covid_lung_116k,h5ad_csr,current,pipeline,fastpaths_cache,116313,33523,108121969,0.02772954934320341,31193285592.0,865906264.0,875745208.0,9.0,270.0,40.0,0.0,macOS-26.6.2-arm64-arm-64bit,3.12.2,2026-09-19T00:45:26,,OK,True,True,0.9505404170013207,256868352.0,0.01727858300000662,,0.001041208000970073,,0.20936620799693628,,0.3414262090009288,,0.35775816699970164,,2.4457314579995,2461564928.0,scipy_csr,0.0,PASS,0.2622544179939723,1.1715865430014674,0.07351574900167179,0.01452958300433238,0.12022604299636441,0.07115304200488026,0.023620957996172365,0.10852291799892555,0.10561587600022904,0.10360037600185024,0.009749958004249493,0.3104365839972161,0.0375467510020826,1.516134833000251,
real_covid_lung_116k,h5ad_csr,current,pipeline,v2,116313,33523,108121969,0.02772954934320341,31193285592.0,865906264.0,875745208.0,9.0,270.0,40.0,0.0,macOS-26.6.2-arm64-arm-64bit,3.12.2,2026-09-19T11:27:52,,OK,True,True,0.9553920830003335,254918656.0,0.018855832997360267,,0.0010387079964857548,,0.19838241700199433,,0.3062578749959357,,0.3260962910062517,,2.4005765830006567,2412298240.0,scipy_csr,0.0,PASS,0.2701470840111142,1.187632251996547,0.07601020798756508,0.016047794008045457,0.11276566699962132,0.06620987500355113,0.0237952520037652,0.07301500100584235,0.10405500100023346,0.10532649800734362,0.011530375995789655,0.27602212498459266,0.03852079200441949,1.5477218749947497,True
real_covid_lung_116k,h5ad_orig,current,pipeline,fastpaths_cache,116313,33523,108121969,0.02772954934320341,31193285592.0,865906264.0,501862578.0,9.0,270.0,40.0,0.0,macOS-26.6.2-arm64-arm-64bit,3.12.2,2026-09-19T00:45:42,,OK,True,True,1.025777625000046,281919488.0,0.018036208999546943,,0.0012059169966960326,,0.20599249999941094,,0.3449982079982874,,0.3624128329975065,,6.479066708001483,2582528000.0,scipy_csr,0.0,PASS,4.274244458003523,1.1849105819965189,0.07355779100544169,0.014791082998272032,0.11972012600381277,0.06894070699854637,0.024924209999880986,0.10846366599798785,0.10583154100095271,0.10571516499112477,0.01041145799899823,0.3135099600040121,0.03846771000462468,5.543468416999531,
real_covid_lung_116k,scipy_csc,current,modules,,116313,33523,108121969,0.02772954934320341,31193285592.0,865906264.0,875319336.0,9.0,270.0,40.0,0.0,macOS-26.6.2-arm64-arm-64bit,3.12.2,2026-09-19T00:44:22,,OK,False,False,1.0929843750018335,1143865344.0,1.4692267919999722,2851717120.0,0.672642541998357,2851717120.0,0.5299400410003727,3303981056.0,0.6646039580009528,3362340864.0,1.0739738330012187,3387277312.0,4.412908000002062,3387277312.0,scipy_csr,2.220446049250313e-16,PASS,0.27601870899889036,1.8238726660056273,0.0034805830036930274,0.01666991699312348,0.43620091599950683,0.07243796000329894,0.0244477940032084,0.4212313729985908,0.1109180430030392,0.10703237599955173,0.015064333001646446,1.0198286259983433,0.03863670799546526,,
real_covid_lung_116k,scipy_csc,current,pipeline,fastpaths_cache,116313,33523,108121969,0.02772954934320341,31193285592.0,865906264.0,875319336.0,9.0,270.0,40.0,0.0,macOS-26.6.2-arm64-arm-64bit,3.12.2,2026-09-19T00:45:22,,OK,True,True,1.0389650840006652,1156415488.0,0.01802125000176602,,0.0010427499983052257,,0.20012258299902896,,0.34993529199709883,,0.3449709590022394,,2.671313208000356,3432644608.0,scipy_csr,2.220446049250313e-16,PASS,0.18972129100802704,1.547119210994424,0.0011042090009141248,0.01474266501099919,0.1169272489969444,0.06590283399782493,0.023359457998594735,0.11269745599929593,0.10671129100228427,0.10709645799943246,0.009833875003096182,0.29742737500419025,0.037682292004319606,1.7541625420017226,
real_covid_lung_116k,scipy_csc,current,pipeline,v2,116313,33523,108121969,0.02772954934320341,31193285592.0,865906264.0,875319336.0,9.0,270.0,40.0,0.0,macOS-26.6.2-arm64-arm-64bit,3.12.2,2026-09-19T11:27:48,,OK,True,True,1.0827785410001525,1150877696.0,0.017737458998453803,,0.0017449579972890206,,0.19168358400202123,,0.30063737500313437,,0.3219409999946947,,2.667532667001069,3291693056.0,scipy_csr,2.220446049250313e-16,PASS,0.19352933200570988,1.6113135819905438,0.0011542089996510185,0.015111248983885162,0.10949945999891497,0.06413833398983115,0.02202454199141357,0.0709027489865548,0.10299304101499729,0.10465224899235182,0.009640916003263555,0.27358662400365574,0.03869145698990906,1.8316150000027847,True
real_covid_lung_116k,scipy_csr,current,modules,,116313,33523,108121969,0.02772954934320341,31193285592.0,865906264.0,875745208.0,9.0,270.0,40.0,0.0,macOS-26.6.2-arm64-arm-64bit,3.12.2,2026-09-19T00:44:16,,OK,False,False,1.0947816659972887,1154351104.0,1.0080907079973258,2643476480.0,0.48419258300054935,2675097600.0,0.6329369170016435,3023503360.0,0.806041040999844,3071934464.0,1.1447980420016393,3096199168.0,4.078773249999358,3096199168.0,scipy_csr,0.0,reference,0.11169087599773775,1.3483884589913941,0.3375624579966825,0.12782987599712214,0.42821091600490035,0.07212341599006322,0.13775304299633717,0.45127866699476726,0.10923379099767772,0.10684658300306182,0.12502766500620055,0.9819496240015724,0.037388789001852274,,
real_covid_lung_116k,scipy_csr,current,pipeline,fastpaths_cache,116313,33523,108121969,0.02772954934320341,31193285592.0,865906264.0,875745208.0,9.0,270.0,40.0,0.0,macOS-26.6.2-arm64-arm-64bit,3.12.2,2026-09-19T00:45:19,,OK,True,True,1.0254196249989036,1147977728.0,0.019823790997179458,,0.0018752079995465465,,0.21085033300187206,,0.3417255419990397,,0.3563212499975634,,2.262020666999888,3023929344.0,scipy_csr,0.0,PASS,0.0760342080029659,1.1661227069962479,0.07633049999640207,0.015655333998438437,0.12040512499515899,0.07197454199922504,0.02431149999756599,0.10696712500066496,0.1054724159912439,0.10490808199392632,0.01006579200111446,0.3088189580012113,0.0374126239985344,1.3284187909994216,
real_covid_lung_116k,scipy_csr,current,pipeline,v2,116313,33523,108121969,0.02772954934320341,31193285592.0,865906264.0,875745208.0,9.0,270.0,40.0,0.0,macOS-26.6.2-arm64-arm-64bit,3.12.2,2026-09-19T11:27:45,,OK,True,True,1.099427208006091,1137131520.0,0.017932374998054,,0.001028667000355199,,0.19492070799606154,,0.304950124998868,,0.3228757500037318,,2.206023582999478,2921119744.0,scipy_csr,0.0,PASS,0.07536791601160076,1.197163457989518,0.07547295900440076,0.015110167005332187,0.11163045700232033,0.06500195799162611,0.024039583979174495,0.071846375009045,0.10334629199496703,0.10565475000475999,0.011410748986236285,0.2725246250120108,0.03891775000374764,1.362180874995829,True
real_covid_lung_116k,zarr_csc,current,modules,,116313,33523,108121969,0.02772954934320341,31193285592.0,865906264.0,551699058.0,9.0,270.0,40.0,0.0,macOS-26.6.2-arm64-arm-64bit,3.12.2,2026-09-19T00:44:46,,OK,False,False,0.9321707079980115,241074176.0,1.9929962499991234,2529181696.0,0.909242624999024,2538602496.0,0.6128750829993805,2830778368.0,0.7881670419992588,2895888384.0,1.1556379579997156,2939535360.0,5.462399125000957,2939535360.0,scipy_csr,2.220446049250313e-16,PASS,1.0767362900041917,1.7815042910151533,0.27099250000173924,0.10349195900198538,0.43373420700299903,0.07000433299617725,0.10939849999704165,0.45648650000657653,0.11132320700926357,0.10990500100160716,0.11335958500058041,1.0005052929955127,0.04130183399684029,,
real_covid_lung_116k,zarr_csc,current,pipeline,fastpaths_cache,116313,33523,108121969,0.02772954934320341,31193285592.0,865906264.0,551699058.0,9.0,270.0,40.0,0.0,macOS-26.6.2-arm64-arm-64bit,3.12.2,2026-09-19T00:45:38,,OK,True,True,0.9404612920006912,245399552.0,0.01863045799836982,,0.001095624997105915,,0.20775029200012796,,0.35210483400078374,,0.36679575000016484,,3.32387779200144,2952724480.0,scipy_csr,2.220446049250313e-16,PASS,0.7104410809952242,1.5617979999915406,0.08522433300095145,0.016218000007938826,0.11873058199489606,0.06968587600567844,0.02440666600887198,0.11047966700061806,0.10844137400272302,0.10870674799662083,0.01129787399986526,0.31778625099832425,0.03768679200220504,2.3742178329994204,
real_covid_lung_116k,zarr_csc,current,pipeline,v2,116313,33523,108121969,0.02772954934320341,31193285592.0,865906264.0,551699058.0,9.0,270.0,40.0,0.0,macOS-26.6.2-arm64-arm-64bit,3.12.2,2026-09-19T11:28:04,,OK,True,True,0.931504958003643,240680960.0,0.018576166999991983,,0.0010495829992578365,,0.20072383300430374,,0.3022933340034797,,0.3210532500015688,,3.273568582997541,2837659648.0,scipy_csr,2.220446049250313e-16,PASS,0.7465813350136159,1.5698526249834686,0.08435891700355569,0.01671362500928808,0.11434945801011054,0.06661066400556592,0.02460766700824024,0.07236866899620509,0.10068771099759033,0.10455787301179953,0.011623999002040364,0.27061612602119567,0.03878829199675238,2.427380417000677,True
real_covid_lung_116k,zarr_csr,current,modules,,116313,33523,108121969,0.02772954934320341,31193285592.0,865906264.0,214013947.0,9.0,270.0,40.0,0.0,macOS-26.6.2-arm64-arm-64bit,3.12.2,2026-09-19T00:44:39,,OK,False,False,0.9395906659992761,243548160.0,1.551160874998459,2152841216.0,0.7501898750015243,2155577344.0,0.8691295410026214,2476703744.0,1.0431462500018824,2522972160.0,1.4344983749979292,2548547584.0,5.650851541999145,2548547584.0,scipy_csr,0.0,PASS,0.8868192919981084,1.374149748000491,1.0512840000010328,0.3645595419984602,0.42950283300160663,0.06971895999959088,0.37764716599485837,0.444246294995537,0.11322008400020422,0.10694658300053561,0.36475987599260407,1.030606919001002,0.03872442000647425,,
real_covid_lung_116k,zarr_csr,current,pipeline,fastpaths_cache,116313,33523,108121969,0.02772954934320341,31193285592.0,865906264.0,214013947.0,9.0,270.0,40.0,0.0,macOS-26.6.2-arm64-arm-64bit,3.12.2,2026-09-19T00:45:34,,OK,True,True,0.9319113749988901,244711424.0,0.01830970800074283,,0.001110040997446049,,0.2056945000003907,,0.3464122090008459,,0.37208499999906053,,2.7909147909995227,2455420928.0,scipy_csr,0.0,PASS,0.56855158498729,1.1813123339961749,0.08123091700326768,0.013821708005707478,0.12054708301002393,0.06845529199199518,0.02379333299541031,0.10899641799915116,0.10704975200496847,0.10650966400498874,0.01020829200570006,0.323509958005161,0.038340332994266646,1.8441897920019983,
real_covid_lung_116k,zarr_csr,current,pipeline,v2,116313,33523,108121969,0.02772954934320341,31193285592.0,865906264.0,214013947.0,9.0,270.0,40.0,0.0,macOS-26.6.2-arm64-arm-64bit,3.12.2,2026-09-19T11:28:00,,OK,True,True,0.9384952089967555,245809152.0,0.018486291999579407,,0.0011487910014693625,,0.19788600000174483,,0.3069977920022211,,0.32761333400412695,,2.7404751670037513,2388918272.0,scipy_csr,0.0,PASS,0.581378874994698,1.213940249006555,0.07568183499824954,0.014707373004057445,0.1130038749834057,0.06690566801989917,0.024438040978566278,0.072475378998206,0.1046829170154524,0.10533196000324097,0.0116857099783374,0.2774120819885866,0.03849062599329045,1.8859917919980944,True
real_onek1k_1p25M,dense,reference,modules,,1248980,35528,1183532685,0.02667190354372627,354990091520.0,9478253328.0,9551414644.0,9.0,270.0,40.0,0.0,macOS-26.6.2-arm64-arm-64bit,3.12.2,2026-09-19T00:45:50,1286839081760.0,OOM_EXPECTED,,,,,,,,,,,,,,,,,,,,,,,,,,,,,,,,,,
real_onek1k_1p25M,h5ad_csc,current,modules,,1248980,35528,1183532685,0.02667190354372627,354990091520.0,9478253328.0,9544426300.0,9.0,270.0,40.0,0.0,macOS-26.6.2-arm64-arm-64bit,3.12.2,2026-09-19T00:49:01,,OK,False,False,1.462096166000265,414449664.0,17.21936899999855,4842422272.0,7.981955292001658,4852301824.0,12.044845917000202,13230374912.0,10.053496708998864,13079347200.0,14.569935249997798,12838256640.0,61.893308500002604,13230374912.0,scipy_csr,4.440892098500626e-16,PASS,5.9792281970367185,18.746540215986897,0.558600333002687,0.48085224700480467,10.755062582997198,0.7752123329992173,0.5724893309961772,6.125681498997437,1.175461415998143,2.1732262069963326,0.44165220800277893,13.345100833001197,0.7780781260044023,,
real_onek1k_1p25M,h5ad_csc,current,pipeline,fastpaths_cache,1248980,35528,1183532685,0.02667190354372627,354990091520.0,9478253328.0,9544426300.0,9.0,270.0,40.0,0.0,macOS-26.6.2-arm64-arm-64bit,3.12.2,2026-09-19T08:51:07,,OK,True,True,1.4736349160011741,402817024.0,0.02237329200579552,,0.0010342499954276718,,8.80578058300307,,5.476748291999684,,5.84904245800135,,41.69081137500325,13855473664.0,scipy_csr,4.440892098500626e-16,PASS,4.594011992950982,16.426701624019188,0.18761958300456172,0.28482525001163594,7.734893499000464,0.7694967909992556,0.3846555850104778,1.7904285010008607,1.1560844569976325,2.1454807899935986,0.2599174979986856,4.807031625015952,0.7820504159972188,21.509993334002502,
real_onek1k_1p25M,h5ad_csc,current,pipeline,v2,1248980,35528,1183532685,0.02667190354372627,354990091520.0,9478253328.0,9544426300.0,9.0,270.0,40.0,0.0,macOS-26.6.2-arm64-arm-64bit,3.12.2,2026-09-19T11:30:07,,OK,True,True,1.6930187920006574,406847488.0,0.02069599999958882,,0.0010816249996423721,,8.889120167004876,,4.960231459001079,,5.097331707998819,,40.836015042004874,10382868480.0,scipy_csr,4.440892098500626e-16,PASS,4.088411959033692,17.257372369029326,0.19599237500369782,0.29964029100665357,7.818703124983585,0.7515474170140806,0.38769295698875794,1.3050304560165387,1.1074677919968963,2.1599202519937535,0.24541424999915762,4.091351916998974,0.7605232500063721,21.852344625003752,True
real_onek1k_1p25M,h5ad_csc,current,pipeline,v2_stats_build,1248980,35528,1183532685,0.02667190354372627,354990091520.0,9478253328.0,9544426300.0,9.0,270.0,40.0,0.0,macOS-26.6.2-arm64-arm-64bit,3.12.2,2026-09-19T11:24:24,,OK,True,True,1.4312792079945211,415088640.0,0.021209042002737988,,0.00105608299782034,,8.812759583001025,,4.9491110000017215,,5.073807416003547,,39.76027804199839,10471849984.0,scipy_csr,4.440892098500626e-16,PASS,3.9131542940231157,16.447845246002544,0.19094137500360375,0.28948791501898086,7.773979834004422,0.7333554580036434,0.382601291006722,1.3059125799773028,1.1137453339979402,2.146734000001743,0.24411708398838528,4.07515158100432,0.754495749992202,20.87050433299737,True
real_onek1k_1p25M,h5ad_csc,current,pipeline,v2_stats_reuse,1248980,35528,1183532685,0.02667190354372627,354990091520.0,9478253328.0,9544426300.0,9.0,270.0,40.0,0.0,macOS-26.6.2-arm64-arm-64bit,3.12.2,2026-09-19T11:25:05,,OK,True,True,1.4312190410055337,414973952.0,0.021091374997922685,,0.0011432499959482811,,8.919804915996792,,4.981234833001508,,5.076733416994102,,19.248047125001904,6970425344.0,scipy_csr,4.440892098500626e-16,PASS,,,0.21027979200152913,0.2883424180035945,7.866422292005154,0.74492771000223,0.3878838310120045,1.3152037489999202,1.1141103760091937,2.1639185000021826,0.239796331996331,4.084000126014871,0.7528874160198029,0.21035987500363262,True
real_onek1k_1p25M,h5ad_csr,current,modules,,1248980,35528,1183532685,0.02667190354372627,354990091520.0,9478253328.0,9551414644.0,9.0,270.0,40.0,0.0,macOS-26.6.2-arm64-arm-64bit,3.12.2,2026-09-19T00:47:54,,OK,False,False,1.4976235839967558,412975104.0,14.064165874999162,3086532608.0,6.385362332999648,3087843328.0,14.758765499998844,12634832896.0,12.900013667000167,13162512384.0,17.347061500000564,12758925312.0,65.48510112499935,13162512384.0,scipy_csr,0.0,PASS,5.036983668014727,15.17342175001977,8.833161749997089,3.2243546249992505,10.734543207006936,0.7672684159952041,3.3957890829915414,6.160568665000028,1.1727406260033604,2.1653991659986787,3.2103928760043345,13.360003334000794,0.7717731250049837,,
real_onek1k_1p25M,h5ad_csr,current,pipeline,fastpaths_cache,1248980,35528,1183532685,0.02667190354372627,354990091520.0,9478253328.0,9551414644.0,9.0,270.0,40.0,0.0,macOS-26.6.2-arm64-arm-64bit,3.12.2,2026-09-19T08:50:27,,OK,True,True,1.6668296249990817,414318592.0,0.01892129200132331,,0.0010213330024271272,,9.007314290996874,,5.534526625000581,,5.727635707997251,,38.40460599999642,13451116544.0,scipy_csr,0.0,PASS,3.3752969929846586,13.061367538030026,1.4897977879809332,0.3116004170005908,7.8391887939942535,0.8399940820163465,0.38945591700758087,1.8020120829969528,1.1912787489927723,2.1516795849966,0.2511259980019531,4.705919123989588,0.7705463730162592,18.08982908300095,
real_onek1k_1p25M,h5ad_csr,current,pipeline,v2,1248980,35528,1183532685,0.02667190354372627,354990091520.0,9478253328.0,9551414644.0,9.0,270.0,40.0,0.0,macOS-26.6.2-arm64-arm-64bit,3.12.2,2026-09-19T11:29:27,,OK,True,True,1.7104176670036395,409550848.0,0.02019458299764665,,0.0010445410007378086,,8.870984666005825,,4.93892762500036,,5.165059458005999,,37.61769162499695,8898379776.0,scipy_csr,0.0,PASS,3.7073383740134886,13.21883879203233,1.5223127539720736,0.29399966699565994,7.835934581999027,0.7266043749914388,0.3773134570074035,1.3042021250221296,1.0982880010051304,2.1590077500004554,0.2509180409833789,4.134223250002833,0.7798745820036856,18.60659858299914,True
real_onek1k_1p25M,h5ad_csr,current,pipeline,v2_stats_build,1248980,35528,1183532685,0.02667190354372627,354990091520.0,9478253328.0,9551414644.0,9.0,270.0,40.0,0.0,macOS-26.6.2-arm64-arm-64bit,3.12.2,2026-09-19T11:23:21,,OK,True,True,1.4744688749997295,409059328.0,0.01993433399911737,,0.0010869170000660233,,8.869305833002727,,4.900980708000134,,5.074923708001734,,37.497838541996316,8896970752.0,scipy_csr,0.0,PASS,3.716996757000743,13.227186375966994,1.5054657089713146,0.28779316500003915,7.832627542979026,0.7344516680022934,0.3751822060003178,1.2967609579791315,1.0952551680020406,2.13362854099978,0.24541920798219508,4.04542046100687,0.7840418760024477,18.608181666000746,True
real_onek1k_1p25M,h5ad_csr,current,pipeline,v2_stats_reuse,1248980,35528,1183532685,0.02667190354372627,354990091520.0,9478253328.0,9551414644.0,9.0,270.0,40.0,0.0,macOS-26.6.2-arm64-arm-64bit,3.12.2,2026-09-19T11:24:00,,OK,True,True,1.4266562080010772,415055872.0,0.021792833002109546,,0.0011025420026271604,,8.870512166999106,,4.908324042000459,,5.046749125001952,,21.866692875002627,8542339072.0,scipy_csr,0.0,PASS,,,2.979030957998475,0.2895504590051132,7.831926707003731,0.7334639600012451,0.3782769149984233,1.309218750000582,1.0943302500090795,2.1263846680085408,0.24580124999920372,4.057305877002364,0.7435996249914751,2.992045125000004,True
real_onek1k_1p25M,scipy_csc,current,modules,,1248980,35528,1183532685,0.02667190354372627,354990091520.0,9478253328.0,9544426300.0,9.0,270.0,40.0,0.0,macOS-26.6.2-arm64-arm-64bit,3.12.2,2026-09-19T00:46:53,,OK,False,False,2.5672615420007787,9928540160.0,15.079234708999138,13779615744.0,6.871299709000596,13793525760.0,12.219574916998681,21762162688.0,9.958578708999994,21812166656.0,14.318379915999685,21803106304.0,58.46988720800073,21812166656.0,scipy_csr,4.440892098500626e-16,PASS,3.106691003013111,18.513438635978673,0.17671399900427787,0.3987633749929955,10.944546458005789,0.8385029190030764,0.4548916250023467,6.103975083991827,1.210735332013428,2.182429124004557,0.3180181240059028,13.22016758600148,0.7748230830002285,,
real_onek1k_1p25M,scipy_csc,current,pipeline,fastpaths_cache,1248980,35528,1183532685,0.02667190354372627,354990091520.0,9478253328.0,9544426300.0,9.0,270.0,40.0,0.0,macOS-26.6.2-arm64-arm-64bit,3.12.2,2026-09-19T00:53:16,,OK,True,True,2.4995922919988516,9929162752.0,0.021673291001206962,,0.001138709001679672,,9.31398099999933,,5.574628124999435,,6.179713292000088,,39.255711958001484,22968107008.0,scipy_csr,4.440892098500626e-16,PASS,1.9403826629750256,15.940056046034442,0.06051645800107508,0.4153674149965809,7.9193310829978145,0.9584276670029794,0.3966721260076156,1.8254873340047197,1.1866431270027533,2.165726792998612,0.2821942510054214,5.077842292001151,0.8196264600010181,18.137509709002188,
real_onek1k_1p25M,scipy_csc,current,pipeline,v2,1248980,35528,1183532685,0.02667190354372627,354990091520.0,9478253328.0,9544426300.0,9.0,270.0,40.0,0.0,macOS-26.6.2-arm64-arm-64bit,3.12.2,2026-09-19T11:28:46,,OK,True,True,2.8162910410028417,9924149248.0,0.021468999999342486,,0.001043917000060901,,8.88188283299678,,4.982444166002097,,5.122920374997193,,37.802098000000115,18959155200.0,scipy_csr,4.440892098500626e-16,PASS,2.0378931300292606,16.44783666994772,0.07746991600288311,0.365555124997627,7.713885666998976,0.7829402089919313,0.3874396249957499,1.315520372991159,1.1311871640064055,2.148179790005088,0.24060808500507846,4.130376126995543,0.7518973739934154,18.779079707994242,True
real_onek1k_1p25M,scipy_csc,current,pipeline,v2_stats_build,1248980,35528,1183532685,0.02667190354372627,354990091520.0,9478253328.0,9544426300.0,9.0,270.0,40.0,0.0,macOS-26.6.2-arm64-arm-64bit,3.12.2,2026-09-19T11:22:17,,OK,True,True,2.5571999169987976,9921265664.0,0.01776337499904912,,0.0011318329998175614,,8.880374750006013,,4.987009666001541,,5.186955958000908,,38.41533283400349,18976587776.0,scipy_csr,4.440892098500626e-16,PASS,2.131600959939533,16.758462666017294,0.07999708299757913,0.36892933398485184,7.710231334996934,0.7816265419969568,0.38775987600092776,1.3221182090055663,1.1412994169877493,2.1356765429954976,0.2542619990053936,4.1687781250002445,0.7638727500016103,19.307194916997105,True
real_onek1k_1p25M,scipy_csc,current,pipeline,v2_stats_reuse,1248980,35528,1183532685,0.02667190354372627,354990091520.0,9478253328.0,9544426300.0,9.0,270.0,40.0,0.0,macOS-26.6.2-arm64-arm-64bit,3.12.2,2026-09-19T11:22:59,,OK,True,True,2.5169210829990334,9930194944.0,0.02204587499727495,,0.0012729169975500554,,8.860652667004615,,4.883673292002641,,5.05359658299858,,18.926512625002943,15562915840.0,scipy_csr,4.440892098500626e-16,PASS,,,0.0701820839967695,0.321702584020386,7.759944084988092,0.7632462920009857,0.3703837080101948,1.3015060000107042,1.0955776669943589,2.1161003340093885,0.2363938739945297,4.071958750995691,0.7451991260095383,0.07026225000299746,True
real_onek1k_1p25M,scipy_csr,current,modules,,1248980,35528,1183532685,0.02667190354372627,354990091520.0,9478253328.0,9551414644.0,9.0,270.0,40.0,0.0,macOS-26.6.2-arm64-arm-64bit,3.12.2,2026-09-19T00:45:50,,OK,False,False,2.899817665998853,9993994240.0,11.297937082999852,12261048320.0,5.40365925000151,12261113856.0,14.100955875001091,21791817728.0,12.050619624998944,22186393600.0,16.677792250000493,22109536256.0,59.56115866699838,22186393600.0,scipy_csr,0.0,reference,1.243244871006027,15.229834410980402,5.87658820800425,2.316932415993506,10.913418082000135,0.8296942510023655,2.3909855419915402,6.2667325000002165,1.2210324160041637,2.166279459001089,2.2448402070003795,13.644576001999667,0.7831954169996607,,
real_onek1k_1p25M,scipy_csr,current,pipeline,fastpaths_cache,1248980,35528,1183532685,0.02667190354372627,354990091520.0,9478253328.0,9551414644.0,9.0,270.0,40.0,0.0,macOS-26.6.2-arm64-arm-64bit,3.12.2,2026-09-19T08:49:47,,OK,True,True,2.895358000001579,10023567360.0,0.02434625000023516,,0.0012378749961499125,,9.10034474999702,,5.539610540996364,,5.953021875000559,,36.17830249999679,22915612672.0,scipy_csr,0.0,PASS,0.8182651299794088,13.002865376001864,1.5823266279767267,0.3616317090127268,7.810414623992983,0.9101695409990498,0.39917166698432993,1.7937737889878917,1.205542042007437,2.1410198729936383,0.2700383339979453,4.921306623997225,0.7616346680006245,15.528678125003353,
real_onek1k_1p25M,scipy_csr,current,pipeline,v2,1248980,35528,1183532685,0.02667190354372627,354990091520.0,9478253328.0,9551414644.0,9.0,270.0,40.0,0.0,macOS-26.6.2-arm64-arm-64bit,3.12.2,2026-09-19T11:28:08,,OK,True,True,2.9235859580003307,10006134784.0,0.021871792007004842,,0.001019790994178038,,9.056325083998672,,5.021761541996966,,5.190394167002523,,35.00543045900122,18378440704.0,scipy_csr,0.0,PASS,0.797440586007724,13.153907831052493,1.6027389540249715,0.37596437499450985,7.906712793992483,0.754186539001239,0.4064562509956886,1.3096056249924004,1.1539545000123326,2.1516314600085025,0.25081854201562237,4.16729804102215,0.7722366250091,15.698214958996687,True
real_onek1k_1p25M,scipy_csr,current,pipeline,v2_stats_build,1248980,35528,1183532685,0.02667190354372627,354990091520.0,9478253328.0,9551414644.0,9.0,270.0,40.0,0.0,macOS-26.6.2-arm64-arm-64bit,3.12.2,2026-09-19T11:21:15,,OK,True,True,2.950108375000127,9993879552.0,0.020072833001904655,,0.0012054160033585504,,9.075836332995095,,4.988168041003519,,5.151651334002963,,34.826889459000085,18377768960.0,scipy_csr,0.0,PASS,0.8084302110146382,13.041471876989817,1.5798144990039873,0.3733096679789014,7.929125540002133,0.7534830840013456,0.40197608301241416,1.3086500419740332,1.1483577499966486,2.1290275829815073,0.24700958199537126,4.140508747987042,0.7640910410118522,15.56330479200551,True
real_onek1k_1p25M,scipy_csr,current,pipeline,v2_stats_reuse,1248980,35528,1183532685,0.02667190354372627,354990091520.0,9478253328.0,9551414644.0,9.0,270.0,40.0,0.0,macOS-26.6.2-arm64-arm-64bit,3.12.2,2026-09-19T11:21:53,,OK,True,True,2.536096167001233,9997402112.0,0.018630374994245358,,0.001102250003896188,,8.917277874999854,,4.94383654199919,,5.1051407499981,,21.070641167003487,17395335168.0,scipy_csr,0.0,PASS,,,2.0418395410015364,0.31699662399478257,7.837248830990575,0.7488937520101899,0.3762458740166039,1.3169893759986735,1.1179967490024865,2.132498291997763,0.2380383330018958,4.125600372994086,0.7414630399944144,2.055256459003431,True
real_onek1k_1p25M,zarr_csc,current,modules,,1248980,35528,1183532685,0.02667190354372627,354990091520.0,9478253328.0,6914807519.0,9.0,270.0,40.0,0.0,macOS-26.6.2-arm64-arm-64bit,3.12.2,2026-09-19T00:51:25,,OK,False,False,1.193777707998379,527040512.0,21.90934920899963,4969218048.0,10.117565959000785,4975017984.0,12.798259125000186,12146737152.0,10.83652154200172,10909155328.0,15.30553158299881,12392824832.0,70.9858757080001,12392824832.0,scipy_csr,4.440892098500626e-16,PASS,12.701500661023601,18.880429719978565,3.1146917500045674,1.3103202490055992,10.679147416009073,0.7704461670000455,1.4553076659940416,6.067598373996589,1.1654067099989334,2.140190373003861,1.3427724149987625,13.221824456999457,0.7339687070052605,,
real_onek1k_1p25M,zarr_csc,current,pipeline,fastpaths_cache,1248980,35528,1183532685,0.02667190354372627,354990091520.0,9478253328.0,6914807519.0,9.0,270.0,40.0,0.0,macOS-26.6.2-arm64-arm-64bit,3.12.2,2026-09-19T08:52:35,,OK,True,True,1.2114264170013485,514195456.0,0.02190758399956394,,0.001123124995501712,,9.359904416000063,,5.7143587919999845,,6.0085589999944204,,49.16807687499386,14404337664.0,scipy_csr,4.440892098500626e-16,PASS,9.56671633500082,16.940389292969485,1.206213707999268,0.31552879299852066,8.182773500986514,0.8425532089968328,0.41281508201063843,1.833807249997335,1.2429926650074776,2.2246341650170507,0.2808024599944474,4.9269731669992325,0.8007330840046052,28.02604624999367,
real_onek1k_1p25M,zarr_csc,current,pipeline,v2,1248980,35528,1183532685,0.02667190354372627,354990091520.0,9478253328.0,6914807519.0,9.0,270.0,40.0,0.0,macOS-26.6.2-arm64-arm-64bit,3.12.2,2026-09-19T11:31:33,,OK,True,True,1.388515250000637,532512768.0,0.020607625003322028,,0.0011686249999911524,,8.952616834001674,,4.973933999994188,,5.1300339169974905,,46.17144995900162,11094933504.0,scipy_csr,4.440892098500626e-16,PASS,9.240254375981749,16.506721917990944,1.0286156660004053,0.29987620900647016,7.890940335004416,0.7423385420042905,0.38598716699925717,1.321586459998798,1.1081966670026304,2.158048751000024,0.2467244159852271,4.105188125002314,0.7780774580096477,27.07754566699441,True
real_onek1k_1p25M,zarr_csc,current,pipeline,v2_stats_build,1248980,35528,1183532685,0.02667190354372627,354990091520.0,9478253328.0,6914807519.0,9.0,270.0,40.0,0.0,macOS-26.6.2-arm64-arm-64bit,3.12.2,2026-09-19T11:26:35,,OK,True,True,1.276962124997226,490602496.0,0.022957541004871018,,0.001145499998528976,,9.093251375001273,,4.975468333002937,,5.126198999998451,,46.322796291002305,11296931840.0,scipy_csr,4.440892098500626e-16,PASS,9.162660131012672,16.589377918004175,1.009975208005926,0.31822066599852405,8.004157458999543,0.7503718749940163,0.401578665994748,1.315554622990021,1.1095582080015447,2.1486109999896144,0.25989395802025683,4.0659423760007485,0.8003155820042593,27.06423399999767,True
real_onek1k_1p25M,zarr_csc,current,pipeline,v2_stats_reuse,1248980,35528,1183532685,0.02667190354372627,354990091520.0,9478253328.0,6914807519.0,9.0,270.0,40.0,0.0,macOS-26.6.2-arm64-arm-64bit,3.12.2,2026-09-19T11:27:23,,OK,True,True,1.2276055420006742,497860608.0,0.02214454099885188,,0.0011112080028397031,,9.03105245900224,,4.9576131669964525,,5.141216167001403,,20.260743832994194,8612249600.0,scipy_csr,4.440892098500626e-16,PASS,,,1.0553881250016275,0.30978974700701656,7.953536251006881,0.7485297079983866,0.39441941799304914,1.319208955974318,1.1078739569929894,2.1359935000000405,0.25881795899476856,4.1127074170071865,0.7696475840130006,1.0554655830055708,True
real_onek1k_1p25M,zarr_csr,current,modules,,1248980,35528,1183532685,0.02667190354372627,354990091520.0,9478253328.0,2562182616.0,9.0,270.0,40.0,0.0,macOS-26.6.2-arm64-arm-64bit,3.12.2,2026-09-19T00:50:05,,OK,False,False,1.1962967079998634,504578048.0,17.718782749998354,3216982016.0,8.730686667000555,3232399360.0,17.014645667000877,12705202176.0,15.051379542001087,13004161024.0,19.67064875000142,12490211328.0,78.21675954199964,13004161024.0,scipy_csr,0.0,PASS,10.724233171978995,15.47322947003704,15.332141124999907,5.369130669001606,10.847773249002785,0.7649226660032582,5.509359414991195,6.160875833997125,1.1829262910068792,2.1927638339984696,5.474863582003309,13.41891628900703,0.7718243350027478,,
real_onek1k_1p25M,zarr_csr,current,pipeline,fastpaths_cache,1248980,35528,1183532685,0.02667190354372627,354990091520.0,9478253328.0,2562182616.0,9.0,270.0,40.0,0.0,macOS-26.6.2-arm64-arm-64bit,3.12.2,2026-09-19T08:51:51,,OK,True,True,1.2136643749981886,513097728.0,0.02171999999700347,,0.001235709001775831,,8.979860166000435,,5.519204666998121,,5.819372915997519,,42.61575029200321,13525876736.0,scipy_csr,0.0,PASS,7.2933714619939565,13.287834957016457,1.498495877996902,0.3028806270012865,7.883804875003989,0.778182543006551,0.3878575830167392,1.7794994169889833,1.1774667930003488,2.17427950000274,0.2614583750109887,4.804988747993775,0.752882540000428,22.250481333001517,
real_onek1k_1p25M,zarr_csr,current,pipeline,v2,1248980,35528,1183532685,0.02667190354372627,354990091520.0,9478253328.0,2562182616.0,9.0,270.0,40.0,0.0,macOS-26.6.2-arm64-arm-64bit,3.12.2,2026-09-19T11:30:50,,OK,True,True,1.4089394999973592,502808576.0,0.022363750002114102,,0.0011759159970097244,,8.967700583998521,,4.9495860829993035,,5.119412583997473,,41.233572082994215,9031745536.0,scipy_csr,0.0,PASS,7.051255663041957,13.403954121982679,1.531815173009818,0.30007449998811353,7.919349918010994,0.7335112920191023,0.3846741229936015,1.305552876983711,1.1170319600059884,2.1422115010063862,0.2568244159920141,4.084116706995701,0.7784240409891936,22.158631457998126,True
real_onek1k_1p25M,zarr_csr,current,pipeline,v2_stats_build,1248980,35528,1183532685,0.02667190354372627,354990091520.0,9478253328.0,2562182616.0,9.0,270.0,40.0,0.0,macOS-26.6.2-arm64-arm-64bit,3.12.2,2026-09-19T11:25:27,,OK,True,True,1.1875410829961766,503545856.0,0.02126441699510906,,0.0011071249973610975,,8.93228845900012,,4.950396499996714,,5.1053857910010265,,41.030057832998864,8985526272.0,scipy_csr,0.0,PASS,7.049215621977055,13.260370334981417,1.512392374977935,0.29328629199881107,7.888126166995789,0.7361053749991697,0.39023920900945086,1.3099902940157335,1.1114078329846961,2.138637666008435,0.24393624900403665,4.066760499990778,0.7946440829982748,21.989932374999626,True
real_onek1k_1p25M,zarr_csr,current,pipeline,v2_stats_reuse,1248980,35528,1183532685,0.02667190354372627,354990091520.0,9478253328.0,2562182616.0,9.0,270.0,40.0,0.0,macOS-26.6.2-arm64-arm-64bit,3.12.2,2026-09-19T11:26:09,,OK,True,True,1.2017645419982728,485736448.0,0.02259345800121082,,0.0012094589983462356,,9.014546874997905,,4.969366458994045,,5.118500040996878,,24.205483167002967,8564211712.0,scipy_csr,0.0,PASS,,,5.023936124998727,0.3038629180009593,7.95695037599944,0.7370866249912069,0.3852068740015966,1.3221792920012376,1.1066644599850406,2.1551970829968923,0.2479897929879371,4.092501333012478,0.7779648360155988,5.035742959000345,True
